indiv	rname	startpos	endpos	numreads	covbases	coverage	meandepth	meanbaseq	meanmapq
10FPRENY_S18	SUPER__1	1	244374582	25591740	239368707	97.9516	14.6031	36.2	50.7
10FPRENY_S18	SUPER__2	1	212563729	23097396	210216053	98.8955	15.1289	36.2	53.1
10FPRENY_S18	SUPER__3	1	211792393	23250145	209302329	98.8243	15.2592	36.2	52.6
10FPRENY_S18	SUPER__4	1	121730464	13468013	120020555	98.5953	15.4793	36.2	51.8
10FPRENY_S18	SUPER__5	1	113776203	11643307	111307160	97.8299	14.2905	36.2	52.5
10FPRENY_S18	SUPER__6	1	111457381	12194011	110616742	99.2458	15.2724	36.2	54
10FPRENY_S18	SUPER__7	1	98951147	10691874	97152831	98.1826	15.0129	36.2	53.3
10FPRENY_S18	SUPER__8	1	93510542	10218240	92363889	98.7738	15.2862	36.2	53.7
10FPRENY_S18	SUPER__9	1	91912741	9827143	90885595	98.8825	14.9761	36.2	54.5
10FPRENY_S18	SUPER__10	1	84231690	9118366	82726728	98.2133	15.0413	36.2	52.6
10FPRENY_S18	SUPER__11	1	83622935	9092685	82437442	98.5823	15.066	36.2	52.4
10FPRENY_S18	SUPER__12	1	81635540	8886724	80404021	98.4914	15.2551	36.2	51.5
10FPRENY_S18	SUPER__13	1	72972725	7820987	71539919	98.0365	15.0395	36.2	49.1
10FPRENY_S18	SUPER__14	1	61507012	6364881	59331020	96.4622	14.1181	36	49
10FPRENY_S18	SUPER__15	1	60856427	6637991	60138777	98.8207	15.1576	36.2	53.2
10FPRENY_S18	SUPER__16	1	55580494	6043106	55242159	99.3913	15.2013	36.2	54.7
10FPRENY_S18	SUPER__17	1	54681234	5555815	53256082	97.3937	14.1243	36.2	52.2
10FPRENY_S18	SUPER__18	1	52719951	5693494	52075175	98.777	15.0618	36.2	54.5
10FPRENY_S18	SUPER__19	1	43711415	4550039	43165870	98.7519	14.5652	36.2	54.6
10FPRENY_S18	SUPER__20	1	28462450	2965954	28067418	98.6121	14.5614	36.2	54
10FPRENY_S18	SUPER__21	1	25775296	2357232	23263473	90.2549	12.7886	36.1	33.7
10FPRENY_S18	SUPER__22	1	17753772	1881542	17519054	98.6779	14.6698	36.2	52.9
10FPRENY_S18	SUPER__23	1	2327365	227648	2292420	98.4985	13.5734	36.1	53.1
12MPRENY_S19	SUPER__1	1	244374582	34276662	239876922	98.1595	19.8404	36.1	52.3
12MPRENY_S19	SUPER__2	1	212563729	31394064	210362833	98.9646	20.8435	36.1	54.3
12MPRENY_S19	SUPER__3	1	211792393	31394134	209587352	98.9589	20.927	36.1	53.8
12MPRENY_S19	SUPER__4	1	121730464	9717382	119490588	98.16	11.021	36.1	48.4
12MPRENY_S19	SUPER__5	1	113776203	16083821	110889939	97.4632	19.9939	36.1	53.4
12MPRENY_S19	SUPER__6	1	111457381	16741279	110663419	99.2877	21.2888	36.1	55.2
12MPRENY_S19	SUPER__7	1	98951147	14699383	97454136	98.4871	21.0001	36.1	54.6
12MPRENY_S19	SUPER__8	1	93510542	13915999	92522298	98.9432	21.1199	36.1	54.9
12MPRENY_S19	SUPER__9	1	91912741	13564148	91008933	99.0167	20.9426	36.1	55.6
12MPRENY_S19	SUPER__10	1	84231690	12509592	82994365	98.531	20.9777	36.1	53.7
12MPRENY_S19	SUPER__11	1	83622935	12631961	82579510	98.7522	21.2828	36.1	53.3
12MPRENY_S19	SUPER__12	1	81635540	12076383	80560317	98.6829	20.9845	36.1	53.1
12MPRENY_S19	SUPER__13	1	72972725	10598902	71694891	98.2489	20.6	36.1	50.9
12MPRENY_S19	SUPER__14	1	61507012	8749865	59664669	97.0047	19.6851	36	50
12MPRENY_S19	SUPER__15	1	60856427	9101093	60173723	98.8782	21.0997	36.1	54.5
12MPRENY_S19	SUPER__16	1	55580494	8319319	55236275	99.3807	21.196	36.1	55.8
12MPRENY_S19	SUPER__17	1	54681234	7813105	53473102	97.7906	20.1573	36.1	53.3
12MPRENY_S19	SUPER__18	1	52719951	7835051	52191684	98.998	21.0302	36.1	55.6
12MPRENY_S19	SUPER__19	1	43711415	6377767	43249197	98.9426	20.6816	36.1	55.6
12MPRENY_S19	SUPER__20	1	28462450	4113852	28104037	98.7408	20.3918	36.1	54.9
12MPRENY_S19	SUPER__21	1	25775296	2942768	23697393	91.9384	15.9743	36	36.4
12MPRENY_S19	SUPER__22	1	17753772	2563860	17531685	98.7491	20.1845	36.1	53.6
12MPRENY_S19	SUPER__23	1	2327365	333794	2301232	98.8771	20.1445	36	54.3
13FPRENY_S22	SUPER__1	1	244374582	28949750	239556540	98.0284	16.5631	36.5	52
13FPRENY_S22	SUPER__2	1	212563729	26688685	210444398	99.003	17.5064	36.5	53.9
13FPRENY_S22	SUPER__3	1	211792393	26488339	209610981	98.97	17.4598	36.5	53.4
13FPRENY_S22	SUPER__4	1	121730464	14795837	120154344	98.7052	16.9991	36.5	52.1
13FPRENY_S22	SUPER__5	1	113776203	13813244	111684215	98.1613	16.9472	36.5	53.2
13FPRENY_S22	SUPER__6	1	111457381	14168542	110678519	99.3012	17.8024	36.5	54.9
13FPRENY_S22	SUPER__7	1	98951147	12340283	97398856	98.4313	17.4334	36.5	54.3
13FPRENY_S22	SUPER__8	1	93510542	11699031	92563871	98.9876	17.5557	36.5	54.6
13FPRENY_S22	SUPER__9	1	91912741	11599704	90989198	98.9952	17.6875	36.5	55.3
13FPRENY_S22	SUPER__10	1	84231690	10597388	82960966	98.4914	17.5617	36.5	53.2
13FPRENY_S22	SUPER__11	1	83622935	10672056	82509959	98.6691	17.7286	36.5	53.3
13FPRENY_S22	SUPER__12	1	81635540	10404727	80514625	98.6269	17.8603	36.5	52.3
13FPRENY_S22	SUPER__13	1	72972725	9114294	71529722	98.0225	17.4815	36.5	50.3
13FPRENY_S22	SUPER__14	1	61507012	7723527	59192542	96.2371	17.0488	36.3	49.8
13FPRENY_S22	SUPER__15	1	60856427	7856350	60239190	98.9857	17.9693	36.5	54.1
13FPRENY_S22	SUPER__16	1	55580494	7121450	55266554	99.4352	17.9023	36.5	55.4
13FPRENY_S22	SUPER__17	1	54681234	6816992	53238746	97.362	17.3081	36.5	53.3
13FPRENY_S22	SUPER__18	1	52719951	6633096	52173614	98.9637	17.5924	36.5	55.2
13FPRENY_S22	SUPER__19	1	43711415	5559629	43229764	98.8981	17.7641	36.5	55.3
13FPRENY_S22	SUPER__20	1	28462450	3685552	28113221	98.773	17.9838	36.5	54.6
13FPRENY_S22	SUPER__21	1	25775296	2505759	23202628	90.0189	13.3745	36.5	38.1
13FPRENY_S22	SUPER__22	1	17753772	2279751	17554776	98.8791	17.6757	36.5	53.3
13FPRENY_S22	SUPER__23	1	2327365	318672	2305106	99.0436	18.813	36.5	53.8
15FPRENY_S23	SUPER__1	1	244374582	23106790	238232202	97.4865	13.5213	35.8	53.3
15FPRENY_S23	SUPER__2	1	212563729	21348098	210154899	98.8668	14.3221	35.8	54.9
15FPRENY_S23	SUPER__3	1	211792393	21386841	209223868	98.7872	14.421	35.8	54.4
15FPRENY_S23	SUPER__4	1	121730464	6445388	118785656	97.5809	7.43114	35.7	49.6
15FPRENY_S23	SUPER__5	1	113776203	10935247	110360455	96.9978	13.7288	35.8	54.2
15FPRENY_S23	SUPER__6	1	111457381	11405561	110504279	99.1449	14.6604	35.8	55.9
15FPRENY_S23	SUPER__7	1	98951147	9980889	97073274	98.1022	14.426	35.8	55.3
15FPRENY_S23	SUPER__8	1	93510542	9511240	92414873	98.8283	14.5966	35.8	55.6
15FPRENY_S23	SUPER__9	1	91912741	9251641	90837141	98.8298	14.4296	35.8	56.2
15FPRENY_S23	SUPER__10	1	84231690	8520413	82800176	98.3005	14.4447	35.8	54.3
15FPRENY_S23	SUPER__11	1	83622935	8486681	82364923	98.4956	14.4356	35.8	54.4
15FPRENY_S23	SUPER__12	1	81635540	8240667	80402695	98.4898	14.4664	35.8	53.6
15FPRENY_S23	SUPER__13	1	72972725	7200025	71425671	97.88	14.134	35.8	51.6
15FPRENY_S23	SUPER__14	1	61507012	5874826	59147237	96.1634	13.3288	35.6	50.6
15FPRENY_S23	SUPER__15	1	60856427	6177628	60072760	98.7123	14.4596	35.8	55.2
15FPRENY_S23	SUPER__16	1	55580494	5670721	55198614	99.3129	14.5902	35.8	56.4
15FPRENY_S23	SUPER__17	1	54681234	5291243	53275679	97.4295	13.7692	35.8	53.7
15FPRENY_S23	SUPER__18	1	52719951	5349391	52119176	98.8604	14.5165	35.8	56.3
15FPRENY_S23	SUPER__19	1	43711415	4342396	43126017	98.6608	14.2019	35.8	56.2
15FPRENY_S23	SUPER__20	1	28462450	2776292	28054383	98.5663	13.8626	35.8	55
15FPRENY_S23	SUPER__21	1	25775296	1844538	22792147	88.4263	10.0589	35.7	37.6
15FPRENY_S23	SUPER__22	1	17753772	1704951	17471271	98.4088	13.531	35.7	54
15FPRENY_S23	SUPER__23	1	2327365	222100	2298111	98.743	13.4863	35.6	53.8
16FPRENY_S25	SUPER__1	1	244374582	32276909	240227011	98.3028	18.7256	35.9	52.3
16FPRENY_S25	SUPER__2	1	212563729	29703082	210605989	99.079	19.7606	35.9	54.3
16FPRENY_S25	SUPER__3	1	211792393	29486490	209785529	99.0524	19.7063	35.9	53.9
16FPRENY_S25	SUPER__4	1	121730464	16398048	120264367	98.7956	19.086	35.9	52.5
16FPRENY_S25	SUPER__5	1	113776203	15252541	111000199	97.5601	18.9905	35.9	53.7
16FPRENY_S25	SUPER__6	1	111457381	15691950	110727584	99.3452	20.0037	35.9	55.5
16FPRENY_S25	SUPER__7	1	98951147	13757191	97299693	98.331	19.715	35.9	54.8
16FPRENY_S25	SUPER__8	1	93510542	13039203	92530581	98.952	19.8476	35.9	55
16FPRENY_S25	SUPER__9	1	91912741	12823938	91058152	99.0702	19.8363	35.9	55.8
16FPRENY_S25	SUPER__10	1	84231690	11916508	83017978	98.5591	19.9661	35.9	53.7
16FPRENY_S25	SUPER__11	1	83622935	11828076	82582705	98.756	19.9507	35.9	53.8
16FPRENY_S25	SUPER__12	1	81635540	11509458	80579279	98.7061	20.0433	35.9	52.9
16FPRENY_S25	SUPER__13	1	72972725	10022087	71711281	98.2713	19.5056	35.9	51
16FPRENY_S25	SUPER__14	1	61507012	8408575	59590434	96.884	18.9059	35.7	50.2
16FPRENY_S25	SUPER__15	1	60856427	8640610	60259419	99.019	20.0583	35.9	54.7
16FPRENY_S25	SUPER__16	1	55580494	7870561	55266215	99.4346	20.0773	35.9	55.9
16FPRENY_S25	SUPER__17	1	54681234	7451438	53207750	97.3053	19.2257	35.8	53.9
16FPRENY_S25	SUPER__18	1	52719951	7361110	52168162	98.9534	19.8146	35.9	55.9
16FPRENY_S25	SUPER__19	1	43711415	6135360	43231598	98.9023	19.9023	35.9	55.9
16FPRENY_S25	SUPER__20	1	28462450	3975642	28095622	98.7112	19.698	35.8	55.3
16FPRENY_S25	SUPER__21	1	25775296	2750734	23449875	90.9781	14.8935	35.8	38.1
16FPRENY_S25	SUPER__22	1	17753772	2521986	17578814	99.0145	19.8638	35.8	53.6
16FPRENY_S25	SUPER__23	1	2327365	341755	2306698	99.112	20.621	35.7	54.3
18FPRENY_S24	SUPER__1	1	244374582	36690644	240491145	98.4109	21.3522	35.8	52.1
18FPRENY_S24	SUPER__2	1	212563729	33296875	210557652	99.0562	22.2155	35.8	54.5
18FPRENY_S24	SUPER__3	1	211792393	33265755	209758020	99.0394	22.2926	35.8	54.1
18FPRENY_S24	SUPER__4	1	121730464	18481415	120283074	98.811	21.5909	35.8	52.9
18FPRENY_S24	SUPER__5	1	113776203	17047621	111106027	97.6531	21.2877	35.8	53.7
18FPRENY_S24	SUPER__6	1	111457381	17676315	110705641	99.3255	22.5884	35.9	55.6
18FPRENY_S24	SUPER__7	1	98951147	15541107	97376243	98.4084	22.3234	35.8	54.9
18FPRENY_S24	SUPER__8	1	93510542	14737732	92557246	98.9805	22.4807	35.9	55.1
18FPRENY_S24	SUPER__9	1	91912741	14352911	91015748	99.0241	22.2623	35.9	55.9
18FPRENY_S24	SUPER__10	1	84231690	13235988	82951782	98.4805	22.2729	35.8	54.1
18FPRENY_S24	SUPER__11	1	83622935	13164962	82635975	98.8197	22.2651	35.8	53.9
18FPRENY_S24	SUPER__12	1	81635540	12865093	80608958	98.7425	22.4578	35.8	53
18FPRENY_S24	SUPER__13	1	72972725	11233934	71772993	98.3559	21.92	35.8	51.1
18FPRENY_S24	SUPER__14	1	61507012	9324296	59543388	96.8075	21.038	35.7	50.2
18FPRENY_S24	SUPER__15	1	60856427	9591287	60259327	99.0188	22.3308	35.8	54.9
18FPRENY_S24	SUPER__16	1	55580494	8797068	55249322	99.4042	22.5026	35.8	56
18FPRENY_S24	SUPER__17	1	54681234	8223431	53407342	97.6703	21.2799	35.8	53.6
18FPRENY_S24	SUPER__18	1	52719951	8270107	52181451	98.9786	22.3146	35.9	56
18FPRENY_S24	SUPER__19	1	43711415	6740535	43226044	98.8896	21.9302	35.8	55.9
18FPRENY_S24	SUPER__20	1	28462450	4374170	28119820	98.7962	21.7494	35.8	54.8
18FPRENY_S24	SUPER__21	1	25775296	3084124	23686151	91.8948	16.7875	35.7	37
18FPRENY_S24	SUPER__22	1	17753772	2727992	17536542	98.7764	21.5471	35.8	53.5
18FPRENY_S24	SUPER__23	1	2327365	349337	2300738	98.8559	21.0666	35.7	54.3
19FPRENY_S16	SUPER__1	1	244374582	27904844	239743732	98.105	16.2344	36.1	52.1
19FPRENY_S16	SUPER__2	1	212563729	25448218	210444754	99.0031	16.976	36.1	54.5
19FPRENY_S16	SUPER__3	1	211792393	25330702	209253490	98.8012	16.9716	36.1	53.9
19FPRENY_S16	SUPER__4	1	121730464	14152322	120094991	98.6565	16.5395	36.1	52.9
19FPRENY_S16	SUPER__5	1	113776203	13050738	110640134	97.2437	16.291	36.1	53.7
19FPRENY_S16	SUPER__6	1	111457381	13453720	110605732	99.2359	17.1855	36.1	55.5
19FPRENY_S16	SUPER__7	1	98951147	11802596	97262014	98.293	16.9479	36.1	54.9
19FPRENY_S16	SUPER__8	1	93510542	11217606	92505714	98.9254	17.1096	36.2	55
19FPRENY_S16	SUPER__9	1	91912741	10963860	90929631	98.9304	16.9997	36.1	55.8
19FPRENY_S16	SUPER__10	1	84231690	10040708	82843180	98.3516	16.9149	36.1	54
19FPRENY_S16	SUPER__11	1	83622935	10149746	82503548	98.6614	17.156	36.1	53.7
19FPRENY_S16	SUPER__12	1	81635540	9878231	80430954	98.5244	17.2388	36.1	52.8
19FPRENY_S16	SUPER__13	1	72972725	8653611	71605874	98.1269	16.8829	36.1	50.6
19FPRENY_S16	SUPER__14	1	61507012	7180403	59267097	96.3583	16.1944	36	49.9
19FPRENY_S16	SUPER__15	1	60856427	7364702	60208023	98.9345	17.1383	36.1	54.8
19FPRENY_S16	SUPER__16	1	55580494	6714655	55218652	99.349	17.1665	36.1	56
19FPRENY_S16	SUPER__17	1	54681234	6354078	53289926	97.4556	16.434	36.1	53.5
19FPRENY_S16	SUPER__18	1	52719951	6277131	52133134	98.8869	16.9254	36.2	55.9
19FPRENY_S16	SUPER__19	1	43711415	5212975	43197358	98.824	16.9545	36.1	55.8
19FPRENY_S16	SUPER__20	1	28462450	3392343	28078270	98.6502	16.8575	36.1	54.7
19FPRENY_S16	SUPER__21	1	25775296	2352332	23169640	89.8909	12.8015	36	37.3
19FPRENY_S16	SUPER__22	1	17753772	2061467	17488714	98.507	16.2613	36.1	54
19FPRENY_S16	SUPER__23	1	2327365	277255	2301256	98.8782	16.7504	36	54.6
21MPRENY_S17	SUPER__1	1	244374582	41631667	240608251	98.4588	24.2361	36.2	52.3
21MPRENY_S17	SUPER__2	1	212563729	37941641	210666806	99.1076	25.3274	36.2	54.5
21MPRENY_S17	SUPER__3	1	211792393	37873702	209677766	99.0016	25.3805	36.2	54.1
21MPRENY_S17	SUPER__4	1	121730464	11670138	119753849	98.3762	13.3459	36.1	48.9
21MPRENY_S17	SUPER__5	1	113776203	19394482	111153218	97.6946	24.2266	36.2	53.8
21MPRENY_S17	SUPER__6	1	111457381	20235678	110826583	99.434	25.8702	36.2	55.6
21MPRENY_S17	SUPER__7	1	98951147	17850252	97510322	98.5439	25.6401	36.2	54.8
21MPRENY_S17	SUPER__8	1	93510542	16894065	92594452	99.0203	25.7809	36.2	55.2
21MPRENY_S17	SUPER__9	1	91912741	16461121	91054412	99.0661	25.5483	36.2	55.9
21MPRENY_S17	SUPER__10	1	84231690	15040875	82994610	98.5313	25.3636	36.2	54.2
21MPRENY_S17	SUPER__11	1	83622935	15220800	82668474	98.8586	25.7568	36.2	53.7
21MPRENY_S17	SUPER__12	1	81635540	14753229	80646260	98.7882	25.7795	36.2	53
21MPRENY_S17	SUPER__13	1	72972725	12722384	71830829	98.4352	24.8386	36.2	51.6
21MPRENY_S17	SUPER__14	1	61507012	10560726	59653780	96.987	23.851	36	50.1
21MPRENY_S17	SUPER__15	1	60856427	10993755	60273887	99.0428	25.6174	36.2	54.9
21MPRENY_S17	SUPER__16	1	55580494	10097937	55286681	99.4714	25.846	36.2	56
21MPRENY_S17	SUPER__17	1	54681234	9273511	53448713	97.746	24.0165	36.2	53.8
21MPRENY_S17	SUPER__18	1	52719951	9510994	52221205	99.054	25.6687	36.2	55.9
21MPRENY_S17	SUPER__19	1	43711415	7692677	43212794	98.8593	25.0441	36.2	55.8
21MPRENY_S17	SUPER__20	1	28462450	4924149	28131877	98.8386	24.5024	36.2	54.9
21MPRENY_S17	SUPER__21	1	25775296	3258202	23631518	91.6828	17.7186	36.1	37.3
21MPRENY_S17	SUPER__22	1	17753772	3087688	17588882	99.0712	24.4154	36.2	53.7
21MPRENY_S17	SUPER__23	1	2327365	385810	2304195	99.0045	23.2915	36.1	54.4
23MPRENY_S15	SUPER__1	1	244374582	31873080	239993672	98.2073	18.6389	36.2	52.2
23MPRENY_S15	SUPER__2	1	212563729	28928652	210403999	98.984	19.3932	36.2	54.6
23MPRENY_S15	SUPER__3	1	211792393	29005169	209393849	98.8675	19.5246	36.2	54
23MPRENY_S15	SUPER__4	1	121730464	9054856	119537895	98.1988	10.4262	36.1	49.1
23MPRENY_S15	SUPER__5	1	113776203	14679960	111633537	98.1168	18.4155	36.2	53.9
23MPRENY_S15	SUPER__6	1	111457381	15273685	110688179	99.3099	19.6097	36.2	55.6
23MPRENY_S15	SUPER__7	1	98951147	13459023	97418254	98.4509	19.4159	36.2	54.8
23MPRENY_S15	SUPER__8	1	93510542	12721592	92529074	98.9504	19.5002	36.2	55.4
23MPRENY_S15	SUPER__9	1	91912741	12408733	90972484	98.977	19.3328	36.2	55.9
23MPRENY_S15	SUPER__10	1	84231690	11446413	82914175	98.4358	19.3824	36.2	54.1
23MPRENY_S15	SUPER__11	1	83622935	11441606	82529368	98.6923	19.4294	36.2	53.8
23MPRENY_S15	SUPER__12	1	81635540	11226438	80547922	98.6677	19.6992	36.2	52.6
23MPRENY_S15	SUPER__13	1	72972725	9633649	71630475	98.1606	18.8802	36.2	51.5
23MPRENY_S15	SUPER__14	1	61507012	7995997	59352733	96.4975	18.0875	36	50.2
23MPRENY_S15	SUPER__15	1	60856427	8329911	60198852	98.9195	19.4827	36.2	54.8
23MPRENY_S15	SUPER__16	1	55580494	7599713	55241762	99.3906	19.5271	36.2	56.1
23MPRENY_S15	SUPER__17	1	54681234	7052492	53385625	97.6306	18.3353	36.2	53.6
23MPRENY_S15	SUPER__18	1	52719951	7144528	52103295	98.8303	19.3645	36.2	56
23MPRENY_S15	SUPER__19	1	43711415	5791161	43227782	98.8936	18.9331	36.2	55.9
23MPRENY_S15	SUPER__20	1	28462450	3735369	28079000	98.6528	18.6462	36.2	55.1
23MPRENY_S15	SUPER__21	1	25775296	2607081	23141241	89.7807	14.2495	36.1	37.5
23MPRENY_S15	SUPER__22	1	17753772	2341716	17547473	98.838	18.5811	36.2	54.1
23MPRENY_S15	SUPER__23	1	2327365	294216	2303587	98.9783	17.8618	36.1	54.7
5MPRENY_S21	SUPER__1	1	244374582	23761205	239572644	98.035	13.8484	35.9	52.2
5MPRENY_S21	SUPER__2	1	212563729	21500432	209951728	98.7712	14.3672	35.9	54.8
5MPRENY_S21	SUPER__3	1	211792393	21444980	209266437	98.8073	14.391	35.9	54.4
5MPRENY_S21	SUPER__4	1	121730464	6508648	119032642	97.7838	7.46232	35.9	49.2
5MPRENY_S21	SUPER__5	1	113776203	11098403	111394704	97.9069	13.8833	35.9	53.9
5MPRENY_S21	SUPER__6	1	111457381	11531176	110564122	99.1986	14.7605	35.9	55.8
5MPRENY_S21	SUPER__7	1	98951147	10142857	97178173	98.2082	14.5927	35.9	55.1
5MPRENY_S21	SUPER__8	1	93510542	9621383	92373736	98.7843	14.7034	35.9	55.3
5MPRENY_S21	SUPER__9	1	91912741	9397708	90875331	98.8713	14.6013	35.9	56.1
5MPRENY_S21	SUPER__10	1	84231690	8600078	82675118	98.152	14.5174	35.9	54.4
5MPRENY_S21	SUPER__11	1	83622935	8625449	82357485	98.4867	14.6228	35.9	54
5MPRENY_S21	SUPER__12	1	81635540	8416793	80360747	98.4384	14.7243	35.9	53.2
5MPRENY_S21	SUPER__13	1	72972725	7193851	71221918	97.6007	14.0555	35.9	52.2
5MPRENY_S21	SUPER__14	1	61507012	5994789	59206123	96.2591	13.5632	35.7	50.5
5MPRENY_S21	SUPER__15	1	60856427	6272807	60004248	98.5997	14.632	35.9	55.2
5MPRENY_S21	SUPER__16	1	55580494	5756486	55228446	99.3666	14.7543	35.9	56.2
5MPRENY_S21	SUPER__17	1	54681234	5290363	53089750	97.0895	13.7226	35.9	54
5MPRENY_S21	SUPER__18	1	52719951	5429930	52106481	98.8364	14.6756	35.9	56.1
5MPRENY_S21	SUPER__19	1	43711415	4393899	43188647	98.804	14.3246	35.9	56
5MPRENY_S21	SUPER__20	1	28462450	2834668	28064071	98.6003	14.1165	35.9	55.1
5MPRENY_S21	SUPER__21	1	25775296	1807927	22710129	88.1081	9.82572	35.8	38.8
5MPRENY_S21	SUPER__22	1	17753772	1761636	17515757	98.6594	13.9468	35.9	54
5MPRENY_S21	SUPER__23	1	2327365	226976	2286005	98.2229	13.7581	35.8	55.4
602839_S2	SUPER__1	1	244374582	61873743	240753352	98.5182	35.7547	38.1	51.7
602839_S2	SUPER__2	1	212563729	56190868	210686290	99.1168	37.224	38.1	54.2
602839_S2	SUPER__3	1	211792393	55962959	209796536	99.0576	37.1989	38.1	53.6
602839_S2	SUPER__4	1	121730464	31978151	120331687	98.8509	37.0718	38.1	52.4
602839_S2	SUPER__5	1	113776203	28981869	111002210	97.5619	35.9704	38.1	53.5
602839_S2	SUPER__6	1	111457381	29773828	110799314	99.4096	37.7548	38.1	55.2
602839_S2	SUPER__7	1	98951147	25893869	97531541	98.5653	36.9008	38.1	54.5
602839_S2	SUPER__8	1	93510542	24636785	92665363	99.0962	37.3217	38.1	54.9
602839_S2	SUPER__9	1	91912741	24450211	91142942	99.1625	37.6976	38.1	55.7
602839_S2	SUPER__10	1	84231690	22111227	83039156	98.5842	36.9761	38.1	53.8
602839_S2	SUPER__11	1	83622935	22330717	82649404	98.8358	37.5098	38.1	53.6
602839_S2	SUPER__12	1	81635540	21784247	80616174	98.7513	37.7972	38.1	52.7
602839_S2	SUPER__13	1	72972725	19404308	71848053	98.4588	37.6291	38.1	49.9
602839_S2	SUPER__14	1	61507012	16560341	59694497	97.0532	36.9891	37.8	49.4
602839_S2	SUPER__15	1	60856427	16386606	60357449	99.1801	37.9336	38.1	54.5
602839_S2	SUPER__16	1	55580494	15070769	55310712	99.5146	38.2831	38.1	55.6
602839_S2	SUPER__17	1	54681234	14187227	53531761	97.8979	36.5791	38	53.5
602839_S2	SUPER__18	1	52719951	13878489	52302704	99.2086	37.1925	38.1	55.6
602839_S2	SUPER__19	1	43711415	11656729	43285689	99.0261	37.7532	38.1	55.6
602839_S2	SUPER__20	1	28462450	7548998	28141060	98.8708	37.4352	38	55.2
602839_S2	SUPER__21	1	25775296	5442592	23755991	92.1657	29.5396	38	37.5
602839_S2	SUPER__22	1	17753772	4686179	17576059	98.999	36.8953	38	53.8
602839_S2	SUPER__23	1	2327365	615474	2309639	99.2384	37.2864	37.9	53.6
602842_S4	SUPER__1	1	244374582	49978708	240769965	98.525	29.029	36.8	52.4
602842_S4	SUPER__2	1	212563729	45594439	210878409	99.2071	30.3751	36.8	54.5
602842_S4	SUPER__3	1	211792393	45548155	209856508	99.086	30.4685	36.8	54
602842_S4	SUPER__4	1	121730464	25965214	120411522	98.9165	30.2977	36.8	52.9
602842_S4	SUPER__5	1	113776203	23308061	111139094	97.6822	29.0599	36.8	53.7
602842_S4	SUPER__6	1	111457381	23988142	110809206	99.4185	30.6007	36.8	55.6
602842_S4	SUPER__7	1	98951147	21066698	97556446	98.5905	30.1897	36.8	54.8
602842_S4	SUPER__8	1	93510542	19938598	92711965	99.146	30.3607	36.8	55.2
602842_S4	SUPER__9	1	91912741	19490939	91172422	99.1945	30.1662	36.8	55.8
602842_S4	SUPER__10	1	84231690	17896987	83020073	98.5616	30.1023	36.8	54
602842_S4	SUPER__11	1	83622935	18001421	82666959	98.8568	30.3719	36.8	53.8
602842_S4	SUPER__12	1	81635540	17635273	80684444	98.8349	30.7382	36.8	52.7
602842_S4	SUPER__13	1	72972725	15200170	71739327	98.3098	29.5897	36.8	51.3
602842_S4	SUPER__14	1	61507012	12943311	59695711	97.0551	29.1074	36.6	50.2
602842_S4	SUPER__15	1	60856427	13056444	60286376	99.0633	30.3461	36.8	54.8
602842_S4	SUPER__16	1	55580494	11905680	55285898	99.47	30.3867	36.8	56
602842_S4	SUPER__17	1	54681234	11214208	53446480	97.7419	28.99	36.8	53.9
602842_S4	SUPER__18	1	52719951	11161278	52249524	99.1077	30.0672	36.8	55.9
602842_S4	SUPER__19	1	43711415	9224435	43272247	98.9953	29.962	36.8	55.9
602842_S4	SUPER__20	1	28462450	5996341	28129752	98.8311	29.7794	36.8	55.2
602842_S4	SUPER__21	1	25775296	4657074	24214428	93.9443	25.4054	36.7	36.2
602842_S4	SUPER__22	1	17753772	3770152	17577816	99.0089	29.771	36.8	54
602842_S4	SUPER__23	1	2327365	493685	2308836	99.2039	29.9677	36.7	54.8
602843_S8	SUPER__1	1	244374582	47920045	240489096	98.41	27.7755	37.1	52.1
602843_S8	SUPER__2	1	212563729	43471567	210718701	99.132	28.881	37.1	54.3
602843_S8	SUPER__3	1	211792393	43744062	209737007	99.0295	29.1847	37	53.9
602843_S8	SUPER__4	1	121730464	25215111	120355121	98.8702	29.3749	37	52.8
602843_S8	SUPER__5	1	113776203	21907566	110986660	97.5482	27.2353	37.1	53.6
602843_S8	SUPER__6	1	111457381	22726654	110798889	99.4092	28.9137	37.1	55.4
602843_S8	SUPER__7	1	98951147	20105252	97483694	98.517	28.7351	37.1	54.6
602843_S8	SUPER__8	1	93510542	18947488	92602533	99.029	28.7867	37.1	55
602843_S8	SUPER__9	1	91912741	18314135	91110761	99.1275	28.2698	37.1	55.6
602843_S8	SUPER__10	1	84231690	17299880	83147352	98.7127	29.0123	37.1	53.4
602843_S8	SUPER__11	1	83622935	16926195	82631043	98.8139	28.4545	37.1	53.5
602843_S8	SUPER__12	1	81635540	16509621	80669159	98.8162	28.6991	37.1	52.6
602843_S8	SUPER__13	1	72972725	14350778	71778810	98.3639	27.8636	37.1	50.8
602843_S8	SUPER__14	1	61507012	12139556	59412997	96.5955	27.0831	36.9	49.6
602843_S8	SUPER__15	1	60856427	12486984	60351651	99.1705	28.9245	37.1	54.3
602843_S8	SUPER__16	1	55580494	11191742	55286444	99.4709	28.4811	37.1	55.8
602843_S8	SUPER__17	1	54681234	10369554	53500658	97.841	26.695	37.1	53.4
602843_S8	SUPER__18	1	52719951	10598690	52259290	99.1262	28.4845	37.1	55.7
602843_S8	SUPER__19	1	43711415	8508593	43273845	98.999	27.542	37.1	55.6
602843_S8	SUPER__20	1	28462450	5503834	28104424	98.7421	27.2457	37.1	55.1
602843_S8	SUPER__21	1	25775296	4031429	23522850	91.2612	21.8569	37	38.4
602843_S8	SUPER__22	1	17753772	3526361	17520871	98.6882	27.7781	37.1	53.9
602843_S8	SUPER__23	1	2327365	446211	2309024	99.2119	26.9688	37	54.5
602844_S11	SUPER__1	1	244374582	67639647	241139565	98.6762	36.6215	37.7	50.4
602844_S11	SUPER__2	1	212563729	62194052	210908959	99.2215	38.6409	37.7	52.6
602844_S11	SUPER__3	1	211792393	61291854	210182985	99.2401	38.1643	37.7	52
602844_S11	SUPER__4	1	121730464	35156719	120466279	98.9615	37.9858	37.7	50.3
602844_S11	SUPER__5	1	113776203	32257705	111295263	97.8195	37.6522	37.7	52.2
602844_S11	SUPER__6	1	111457381	32402353	110885037	99.4865	38.5933	37.8	53.9
602844_S11	SUPER__7	1	98951147	28071333	97677509	98.7129	37.507	37.7	53.1
602844_S11	SUPER__8	1	93510542	26668174	92832025	99.2744	37.8554	37.8	53.4
602844_S11	SUPER__9	1	91912741	26782840	91205200	99.2302	38.8067	37.8	54.3
602844_S11	SUPER__10	1	84231690	24102010	83294155	98.887	37.8022	37.7	52.1
602844_S11	SUPER__11	1	83622935	24826650	82717153	98.9168	39.2271	37.7	52.2
602844_S11	SUPER__12	1	81635540	24150200	80740471	98.9036	39.3886	37.8	51.2
602844_S11	SUPER__13	1	72972725	21315686	72038083	98.7192	38.855	37.8	48.8
602844_S11	SUPER__14	1	61507012	18981074	59925156	97.4282	40.129	37.5	48.4
602844_S11	SUPER__15	1	60856427	18147775	60393269	99.2389	39.525	37.7	53.2
602844_S11	SUPER__16	1	55580494	16366448	55347311	99.5805	39.1123	37.8	54.5
602844_S11	SUPER__17	1	54681234	16451851	53650547	98.1151	40.0744	37.7	52.4
602844_S11	SUPER__18	1	52719951	15012884	52220881	99.0534	37.7689	37.8	54.3
602844_S11	SUPER__19	1	43711415	13184838	43341081	99.1528	40.2742	37.8	54.5
602844_S11	SUPER__20	1	28462450	8789762	28162397	98.9458	41.2568	37.7	54.2
602844_S11	SUPER__21	1	25775296	6239257	23675756	91.8544	32.0187	37.7	37.5
602844_S11	SUPER__22	1	17753772	5413672	17607880	99.1782	40.3155	37.7	52.8
602844_S11	SUPER__23	1	2327365	821093	2312351	99.3549	47.6158	37.6	53.4
602846_S7	SUPER__1	1	244374582	45658870	240226562	98.3026	26.66	36.6	52.4
602846_S7	SUPER__2	1	212563729	41747772	210726204	99.1355	27.9668	36.6	54.7
602846_S7	SUPER__3	1	211792393	41588354	209877841	99.096	27.9658	36.6	54.2
602846_S7	SUPER__4	1	121730464	23643677	120378214	98.8891	27.7349	36.6	53
602846_S7	SUPER__5	1	113776203	21424619	111075015	97.6259	26.8626	36.6	53.8
602846_S7	SUPER__6	1	111457381	21999124	110758779	99.3732	28.2109	36.6	55.6
602846_S7	SUPER__7	1	98951147	19223022	97583142	98.6175	27.6993	36.6	54.9
602846_S7	SUPER__8	1	93510542	18208095	92689725	99.1222	27.8722	36.6	55.3
602846_S7	SUPER__9	1	91912741	17950175	91115445	99.1326	27.9397	36.6	55.9
602846_S7	SUPER__10	1	84231690	16364477	83065192	98.6151	27.6868	36.6	54.2
602846_S7	SUPER__11	1	83622935	16646952	82673572	98.8647	28.2612	36.6	53.9
602846_S7	SUPER__12	1	81635540	16073997	80644037	98.7855	28.164	36.6	53
602846_S7	SUPER__13	1	72972725	13626689	71550379	98.0509	26.6568	36.6	52.4
602846_S7	SUPER__14	1	61507012	11802183	59692410	97.0498	26.7381	36.4	50.4
602846_S7	SUPER__15	1	60856427	12043046	60356925	99.1792	28.1632	36.6	55
602846_S7	SUPER__16	1	55580494	10987738	55290420	99.4781	28.1936	36.6	56.1
602846_S7	SUPER__17	1	54681234	10455863	53358224	97.5805	27.1871	36.6	54.1
602846_S7	SUPER__18	1	52719951	10219673	52259513	99.1266	27.6729	36.6	56
602846_S7	SUPER__19	1	43711415	8533940	43259293	98.9657	27.877	36.6	56.1
602846_S7	SUPER__20	1	28462450	5615404	28140049	98.8673	28.0614	36.5	55.3
602846_S7	SUPER__21	1	25775296	4296339	24070178	93.3847	23.5638	36.5	36.3
602846_S7	SUPER__22	1	17753772	3463264	17545909	98.8292	27.4958	36.5	54.3
602846_S7	SUPER__23	1	2327365	471519	2306740	99.1138	28.7983	36.4	55.2
602847_S10	SUPER__1	1	244374582	49123191	240469789	98.4021	27.9037	37.5	51
602847_S10	SUPER__2	1	212563729	44802022	210748038	99.1458	29.1776	37.5	53.5
602847_S10	SUPER__3	1	211792393	44711820	209791790	99.0554	29.2338	37.5	52.8
602847_S10	SUPER__4	1	121730464	25847867	120358891	98.8733	29.4737	37.5	51.6
602847_S10	SUPER__5	1	113776203	23336027	111034357	97.5901	28.4621	37.5	52.8
602847_S10	SUPER__6	1	111457381	23464173	110778761	99.3911	29.2693	37.5	54.7
602847_S10	SUPER__7	1	98951147	20433522	97438027	98.4708	28.634	37.5	53.8
602847_S10	SUPER__8	1	93510542	19369421	92488666	98.9072	28.8485	37.5	54.2
602847_S10	SUPER__9	1	91912741	19348242	91100485	99.1163	29.3061	37.5	55
602847_S10	SUPER__10	1	84231690	17499357	82995620	98.5325	28.7608	37.5	53
602847_S10	SUPER__11	1	83622935	17956767	82617273	98.7974	29.6284	37.5	52.8
602847_S10	SUPER__12	1	81635540	17612988	80671233	98.8188	30.0507	37.5	51.5
602847_S10	SUPER__13	1	72972725	15244738	71704367	98.2619	29.0487	37.5	49.8
602847_S10	SUPER__14	1	61507012	13710718	59596505	96.8938	30.0838	37.2	49.1
602847_S10	SUPER__15	1	60856427	13140095	60382932	99.2219	29.8886	37.5	53.8
602847_S10	SUPER__16	1	55580494	11868540	55305217	99.5047	29.6321	37.5	55.1
602847_S10	SUPER__17	1	54681234	11548763	53464574	97.775	29.2266	37.5	53
602847_S10	SUPER__18	1	52719951	10963055	52261459	99.1303	28.8884	37.5	55.1
602847_S10	SUPER__19	1	43711415	9294169	43255627	98.9573	29.5354	37.5	55.1
602847_S10	SUPER__20	1	28462450	6344633	28104310	98.7417	30.8863	37.5	54.7
602847_S10	SUPER__21	1	25775296	4914304	23974045	93.0117	26.2752	37.4	36.7
602847_S10	SUPER__22	1	17753772	3951183	17517605	98.6698	30.608	37.4	53.5
602847_S10	SUPER__23	1	2327365	572111	2309343	99.2256	34.1214	37.3	54.1
602862_S6	SUPER__1	1	244374582	40426057	240035686	98.2245	23.7059	36.5	52.5
602862_S6	SUPER__2	1	212563729	36970440	210559929	99.0573	24.86	36.5	54.6
602862_S6	SUPER__3	1	211792393	37089730	209721196	99.0221	25.0349	36.5	54
602862_S6	SUPER__4	1	121730464	21264491	120293953	98.8199	25.0544	36.5	52.9
602862_S6	SUPER__5	1	113776203	18741286	110815682	97.3979	23.5921	36.5	53.9
602862_S6	SUPER__6	1	111457381	19435794	110747272	99.3629	25.0343	36.5	55.5
602862_S6	SUPER__7	1	98951147	17119993	97371996	98.4041	24.7616	36.5	54.8
602862_S6	SUPER__8	1	93510542	16149127	92581665	99.0067	24.8345	36.5	55.2
602862_S6	SUPER__9	1	91912741	15780386	91224717	99.2514	24.6709	36.5	55.7
602862_S6	SUPER__10	1	84231690	14641930	83007457	98.5466	24.8305	36.5	53.9
602862_S6	SUPER__11	1	83622935	14574430	82589080	98.7637	24.8198	36.5	53.7
602862_S6	SUPER__12	1	81635540	14305980	80631081	98.7696	25.1836	36.5	52.4
602862_S6	SUPER__13	1	72972725	12218904	71655338	98.1947	24.0183	36.5	51.6
602862_S6	SUPER__14	1	61507012	10487739	59590307	96.8838	23.7695	36.3	50
602862_S6	SUPER__15	1	60856427	10602630	60329107	99.1335	24.8766	36.5	54.6
602862_S6	SUPER__16	1	55580494	9619718	55269535	99.4405	24.7954	36.5	56
602862_S6	SUPER__17	1	54681234	9068719	53379784	97.6199	23.6649	36.5	53.8
602862_S6	SUPER__18	1	52719951	9046563	52210587	99.0338	24.6055	36.5	56
602862_S6	SUPER__19	1	43711415	7402703	43260774	98.9691	24.2863	36.5	55.9
602862_S6	SUPER__20	1	28462450	4854839	28121950	98.8037	24.3543	36.5	55
602862_S6	SUPER__21	1	25775296	3628532	23732861	92.076	19.9362	36.4	37
602862_S6	SUPER__22	1	17753772	3043204	17547423	98.8377	24.2647	36.5	54.4
602862_S6	SUPER__23	1	2327365	401907	2307376	99.1411	24.6239	36.4	54.5
602863_S5	SUPER__1	1	244374582	45116329	240541297	98.4314	26.1974	36.8	51.9
602863_S5	SUPER__2	1	212563729	41189467	210695550	99.1211	27.4177	36.8	54.2
602863_S5	SUPER__3	1	211792393	40972599	209688161	99.0065	27.3809	36.8	53.7
602863_S5	SUPER__4	1	121730464	23493782	120342040	98.8594	27.4	36.8	52.6
602863_S5	SUPER__5	1	113776203	21180556	111063939	97.6161	26.4047	36.9	53.6
602863_S5	SUPER__6	1	111457381	21626126	110752909	99.3679	27.5712	36.9	55.3
602863_S5	SUPER__7	1	98951147	18809532	97435403	98.4682	26.9437	36.8	54.5
602863_S5	SUPER__8	1	93510542	17935451	92536754	98.9586	27.3061	36.9	54.7
602863_S5	SUPER__9	1	91912741	17700943	91105129	99.1213	27.4047	36.9	55.7
602863_S5	SUPER__10	1	84231690	16252982	83110404	98.6688	27.3211	36.9	53.4
602863_S5	SUPER__11	1	83622935	16432443	82674279	98.8656	27.7184	36.8	53.4
602863_S5	SUPER__12	1	81635540	15906964	80621271	98.7576	27.7239	36.9	52.7
602863_S5	SUPER__13	1	72972725	13898778	71756393	98.3332	27.0692	36.9	50.7
602863_S5	SUPER__14	1	61507012	12162403	59681311	97.0317	27.3003	36.6	50
602863_S5	SUPER__15	1	60856427	11980738	60259636	99.0193	27.8352	36.8	54.5
602863_S5	SUPER__16	1	55580494	10842368	55324483	99.5394	27.6788	36.9	55.8
602863_S5	SUPER__17	1	54681234	10480303	53437879	97.7262	27.1147	36.8	53.6
602863_S5	SUPER__18	1	52719951	10052502	52229313	99.0694	27.0701	36.9	55.7
602863_S5	SUPER__19	1	43711415	8473212	43279984	99.013	27.5333	36.9	55.8
602863_S5	SUPER__20	1	28462450	5695923	28134519	98.8478	28.339	36.8	55
602863_S5	SUPER__21	1	25775296	4148248	23701623	91.9548	22.5998	36.8	37.6
602863_S5	SUPER__22	1	17753772	3500973	17525819	98.716	27.669	36.8	54
602863_S5	SUPER__23	1	2327365	479530	2301154	98.8738	29.1385	36.7	55.6
602865_S12	SUPER__1	1	244374582	45764575	240174426	98.2813	26.4248	37	52.3
602865_S12	SUPER__2	1	212563729	41973344	210688225	99.1177	27.7954	37	54.2
602865_S12	SUPER__3	1	211792393	42092331	209771581	99.0459	27.9873	37	53.7
602865_S12	SUPER__4	1	121730464	24123832	120377539	98.8886	27.9839	37	52.5
602865_S12	SUPER__5	1	113776203	21356741	111360180	97.8765	26.4715	37	53.6
602865_S12	SUPER__6	1	111457381	21956057	110775726	99.3884	27.8436	37	55.3
602865_S12	SUPER__7	1	98951147	19390881	97408190	98.4407	27.6169	37	54.5
602865_S12	SUPER__8	1	93510542	18279659	92489178	98.9078	27.6737	37	54.9
602865_S12	SUPER__9	1	91912741	17788858	91065359	99.0781	27.3714	37	55.5
602865_S12	SUPER__10	1	84231690	16414716	82997370	98.5346	27.4322	37	53.8
602865_S12	SUPER__11	1	83622935	16489190	82638060	98.8222	27.6533	37	53.5
602865_S12	SUPER__12	1	81635540	16003592	80610730	98.7447	27.7256	37	52.7
602865_S12	SUPER__13	1	72972725	14077294	71827078	98.43	27.2549	37	50.4
602865_S12	SUPER__14	1	61507012	12020020	59572577	96.8549	26.8141	36.8	49.7
602865_S12	SUPER__15	1	60856427	12007468	60320752	99.1198	27.7371	37	54.4
602865_S12	SUPER__16	1	55580494	10895174	55293087	99.4829	27.6336	37	55.6
602865_S12	SUPER__17	1	54681234	10355846	53410136	97.6754	26.6192	37	53.5
602865_S12	SUPER__18	1	52719951	10261408	52238639	99.087	27.4853	37	55.6
602865_S12	SUPER__19	1	43711415	8455247	43243368	98.9292	27.3112	37	55.7
602865_S12	SUPER__20	1	28462450	5548635	28146787	98.8909	27.4147	37	54.8
602865_S12	SUPER__21	1	25775296	4189024	23677689	91.8619	22.695	36.9	37.4
602865_S12	SUPER__22	1	17753772	3487083	17516462	98.6633	27.4031	37	54
602865_S12	SUPER__23	1	2327365	471070	2307623	99.1517	28.4553	36.9	54.3
602870_S9	SUPER__1	1	244374582	49292322	240669853	98.484	28.4037	37.1	51.7
602870_S9	SUPER__2	1	212563729	44591215	210552559	99.0539	29.4641	37.1	54.3
602870_S9	SUPER__3	1	211792393	44772246	209798041	99.0583	29.7125	37.1	53.8
602870_S9	SUPER__4	1	121730464	25820823	120389021	98.898	29.896	37.1	52.6
602870_S9	SUPER__5	1	113776203	22663148	111211214	97.7456	28.0104	37.1	53.5
602870_S9	SUPER__6	1	111457381	23416929	110767719	99.3812	29.619	37.1	55.3
602870_S9	SUPER__7	1	98951147	20613122	97648228	98.6833	29.311	37.1	54.5
602870_S9	SUPER__8	1	93510542	19529392	92723382	99.1582	29.4867	37.1	54.8
602870_S9	SUPER__9	1	91912741	18986904	91122793	99.1405	29.1353	37.1	55.5
602870_S9	SUPER__10	1	84231690	17527349	83076271	98.6283	29.2383	37.1	53.8
602870_S9	SUPER__11	1	83622935	17500751	82696297	98.8919	29.2867	37.1	53.6
602870_S9	SUPER__12	1	81635540	16987183	80678812	98.828	29.3528	37.1	52.7
602870_S9	SUPER__13	1	72972725	14849469	71800542	98.3937	28.6645	37.1	50.7
602870_S9	SUPER__14	1	61507012	12506843	59436944	96.6344	27.8764	36.9	50
602870_S9	SUPER__15	1	60856427	12712839	60284050	99.0595	29.2862	37.1	54.4
602870_S9	SUPER__16	1	55580494	11587210	55306037	99.5062	29.3166	37.1	55.7
602870_S9	SUPER__17	1	54681234	10815317	53380533	97.6213	27.698	37.1	53.6
602870_S9	SUPER__18	1	52719951	10888779	52251328	99.1111	29.0824	37.1	55.7
602870_S9	SUPER__19	1	43711415	8908328	43274916	99.0014	28.6714	37.1	55.6
602870_S9	SUPER__20	1	28462450	5810636	28126648	98.8202	28.6136	37.1	54.9
602870_S9	SUPER__21	1	25775296	4106809	23197685	89.9997	22.1342	37	38.4
602870_S9	SUPER__22	1	17753772	3654727	17552190	98.8646	28.6164	37.1	53.9
602870_S9	SUPER__23	1	2327365	469652	2305614	99.0654	28.2196	37	54.6
602876_S13	SUPER__1	1	244374582	40501188	240407982	98.3768	23.5484	36.7	51.8
602876_S13	SUPER__2	1	212563729	37298604	210656162	99.1026	24.8604	36.7	54.1
602876_S13	SUPER__3	1	211792393	36654277	209744389	99.033	24.5261	36.7	53.5
602876_S13	SUPER__4	1	121730464	20738892	120428011	98.9301	24.2106	36.7	52.2
602876_S13	SUPER__5	1	113776203	19414963	111013729	97.572	24.2397	36.7	53.5
602876_S13	SUPER__6	1	111457381	19510411	110762000	99.3761	24.9162	36.7	55.2
602876_S13	SUPER__7	1	98951147	16934585	97491111	98.5245	24.2859	36.7	54.4
602876_S13	SUPER__8	1	93510542	15954085	92668833	99.0999	24.3351	36.7	54.8
602876_S13	SUPER__9	1	91912741	16094910	91106495	99.1228	24.9566	36.7	55.6
602876_S13	SUPER__10	1	84231690	14482333	83038921	98.5839	24.3617	36.7	53.5
602876_S13	SUPER__11	1	83622935	14957750	82665100	98.8546	25.2656	36.7	53.5
602876_S13	SUPER__12	1	81635540	14431867	80711979	98.8687	25.1937	36.7	52.8
602876_S13	SUPER__13	1	72972725	12525979	71750884	98.3256	24.4221	36.7	51
602876_S13	SUPER__14	1	61507012	11418206	59699581	97.0614	25.6513	36.5	49.9
602876_S13	SUPER__15	1	60856427	10954964	60292495	99.0733	25.4977	36.7	54.5
602876_S13	SUPER__16	1	55580494	9855332	55304327	99.5031	25.1852	36.7	55.7
602876_S13	SUPER__17	1	54681234	9945755	53540058	97.913	25.7668	36.7	53.8
602876_S13	SUPER__18	1	52719951	9056056	52212095	99.0367	24.4238	36.7	55.6
602876_S13	SUPER__19	1	43711415	7941844	43295296	99.048	25.8551	36.7	55.8
602876_S13	SUPER__20	1	28462450	5420986	28219665	99.147	26.9974	36.7	55.1
602876_S13	SUPER__21	1	25775296	3866085	23289634	90.3564	21.0458	36.6	38.9
602876_S13	SUPER__22	1	17753772	3286869	17538741	98.7888	25.9841	36.6	54.2
602876_S13	SUPER__23	1	2327365	503765	2308728	99.1992	30.6992	36.5	55.3
602878_S3	SUPER__1	1	244374582	37172475	240566154	98.4416	21.7746	36.2	51.9
602878_S3	SUPER__2	1	212563729	33559313	210593511	99.0731	22.5405	36.2	54.6
602878_S3	SUPER__3	1	211792393	33560623	209629962	98.979	22.6297	36.2	54
602878_S3	SUPER__4	1	121730464	19014625	120346280	98.8629	22.3622	36.2	53
602878_S3	SUPER__5	1	113776203	17160834	110965722	97.5298	21.5738	36.2	53.8
602878_S3	SUPER__6	1	111457381	17697238	110709101	99.3286	22.7626	36.2	55.5
602878_S3	SUPER__7	1	98951147	15522827	97482826	98.5161	22.4407	36.2	55
602878_S3	SUPER__8	1	93510542	14721522	92551011	98.9739	22.6076	36.3	55.2
602878_S3	SUPER__9	1	91912741	14351502	91027872	99.0373	22.4025	36.2	56
602878_S3	SUPER__10	1	84231690	13318467	83018223	98.5594	22.5564	36.2	54
602878_S3	SUPER__11	1	83622935	13302408	82642878	98.828	22.6451	36.2	53.9
602878_S3	SUPER__12	1	81635540	13045784	80671446	98.819	22.9311	36.2	52.5
602878_S3	SUPER__13	1	72972725	11098592	71554668	98.0567	21.7907	36.2	51.7
602878_S3	SUPER__14	1	61507012	9492870	59652022	96.9841	21.5697	36.1	50.2
602878_S3	SUPER__15	1	60856427	9661253	60232576	98.9749	22.6444	36.2	54.8
602878_S3	SUPER__16	1	55580494	8774363	55253745	99.4121	22.5868	36.2	56.1
602878_S3	SUPER__17	1	54681234	8339911	53414052	97.6826	21.749	36.2	53.8
602878_S3	SUPER__18	1	52719951	8233189	52147275	98.9137	22.3646	36.3	56.1
602878_S3	SUPER__19	1	43711415	6810369	43238617	98.9184	22.3048	36.2	56
602878_S3	SUPER__20	1	28462450	4421472	28100328	98.7277	22.1411	36.2	55.3
602878_S3	SUPER__21	1	25775296	3290706	23796661	92.3235	18.0569	36.1	36.6
602878_S3	SUPER__22	1	17753772	2714480	17506111	98.605	21.5953	36.2	54.5
602878_S3	SUPER__23	1	2327365	365623	2309092	99.2149	22.3475	36.1	54.8
602894_S28	SUPER__1	1	244374582	39388477	239484348	97.9989	22.24	37.6	51.3
602894_S28	SUPER__2	1	212563729	36827064	210586268	99.0697	23.8544	37.6	53.2
602894_S28	SUPER__3	1	211792393	35959112	209654057	98.9904	23.3817	37.6	52.6
602894_S28	SUPER__4	1	121730464	21458092	120208140	98.7494	24.3652	37.6	51.4
602894_S28	SUPER__5	1	113776203	19258243	111646323	98.128	23.3651	37.6	52.8
602894_S28	SUPER__6	1	111457381	19151711	110765224	99.379	23.7581	37.6	54.4
602894_S28	SUPER__7	1	98951147	16480099	97306976	98.3384	22.9654	37.6	53.6
602894_S28	SUPER__8	1	93510542	15499971	92568019	98.9921	22.9491	37.6	53.9
602894_S28	SUPER__9	1	91912741	15628514	91041330	99.0519	23.5265	37.6	54.8
602894_S28	SUPER__10	1	84231690	14009680	82959744	98.4899	22.8927	37.6	52.8
602894_S28	SUPER__11	1	83622935	14788284	82565381	98.7353	24.2687	37.5	52.8
602894_S28	SUPER__12	1	81635540	14163464	80466284	98.5677	24.0104	37.6	51.9
602894_S28	SUPER__13	1	72972725	12207191	71481691	97.9567	23.0997	37.6	50.5
602894_S28	SUPER__14	1	61507012	11755549	59511951	96.7564	25.6886	37.3	49.4
602894_S28	SUPER__15	1	60856427	10828357	60252176	99.0071	24.47	37.6	53.5
602894_S28	SUPER__16	1	55580494	9641108	55303767	99.5021	23.9199	37.6	54.9
602894_S28	SUPER__17	1	54681234	10102648	53152714	97.2047	25.4607	37.5	53.4
602894_S28	SUPER__18	1	52719951	8753053	52185405	98.9861	22.9249	37.6	54.8
602894_S28	SUPER__19	1	43711415	8008363	43272607	98.9961	25.3418	37.6	55.2
602894_S28	SUPER__20	1	28462450	5602525	28135222	98.8503	27.1445	37.5	54.4
602894_S28	SUPER__21	1	25775296	4300029	23214771	90.066	22.8751	37.5	37.6
602894_S28	SUPER__22	1	17753772	3327001	17526131	98.7178	25.6085	37.5	53.5
602894_S28	SUPER__23	1	2327365	571415	2308139	99.1739	33.9656	37.4	54.6
7FPRENY_S14	SUPER__1	1	244374582	29349768	239061958	97.826	17.057	36.7	52.2
7FPRENY_S14	SUPER__2	1	212563729	26768761	210247605	98.9104	17.8338	36.7	54.4
7FPRENY_S14	SUPER__3	1	211792393	26721716	209269417	98.8088	17.8781	36.7	53.9
7FPRENY_S14	SUPER__4	1	121730464	14823686	119956990	98.5431	17.3091	36.7	52.8
7FPRENY_S14	SUPER__5	1	113776203	13710040	110653489	97.2554	17.1062	36.7	53.6
7FPRENY_S14	SUPER__6	1	111457381	14261120	110688729	99.3104	18.1953	36.8	55.4
7FPRENY_S14	SUPER__7	1	98951147	12554452	97284179	98.3154	17.9957	36.7	54.7
7FPRENY_S14	SUPER__8	1	93510542	11913874	92436740	98.8517	18.1431	36.8	54.9
7FPRENY_S14	SUPER__9	1	91912741	11594261	90941165	98.9429	17.967	36.8	55.7
7FPRENY_S14	SUPER__10	1	84231690	10684054	82818518	98.3223	17.9769	36.7	53.9
7FPRENY_S14	SUPER__11	1	83622935	10663249	82496442	98.6529	18.0041	36.7	53.7
7FPRENY_S14	SUPER__12	1	81635540	10451118	80483955	98.5894	18.2368	36.7	52.6
7FPRENY_S14	SUPER__13	1	72972725	8961760	71444106	97.9052	17.4544	36.7	51.4
7FPRENY_S14	SUPER__14	1	61507012	7443694	59241394	96.3165	16.7596	36.5	50
7FPRENY_S14	SUPER__15	1	60856427	7763528	60210696	98.9389	18.0567	36.7	54.6
7FPRENY_S14	SUPER__16	1	55580494	7100711	55226277	99.3627	18.1434	36.7	55.8
7FPRENY_S14	SUPER__17	1	54681234	6511444	53034172	96.9879	16.8528	36.7	53.7
7FPRENY_S14	SUPER__18	1	52719951	6689083	52137934	98.896	18.0134	36.8	55.7
7FPRENY_S14	SUPER__19	1	43711415	5402833	43224758	98.8867	17.5741	36.7	55.7
7FPRENY_S14	SUPER__20	1	28462450	3498504	28108005	98.7547	17.4195	36.7	54.7
7FPRENY_S14	SUPER__21	1	25775296	2303052	22658187	87.9066	12.5439	36.7	38.5
7FPRENY_S14	SUPER__22	1	17753772	2152048	17510640	98.6305	17.0178	36.7	53.9
7FPRENY_S14	SUPER__23	1	2327365	275702	2299470	98.8014	16.7142	36.6	54.8
9MPRENY_S20	SUPER__1	1	244374582	29194376	239859701	98.1525	16.9624	36.4	52.3
9MPRENY_S20	SUPER__2	1	212563729	26525067	210371152	98.9685	17.6746	36.4	54.7
9MPRENY_S20	SUPER__3	1	211792393	26610465	209428434	98.8838	17.8054	36.4	54.2
9MPRENY_S20	SUPER__4	1	121730464	8200279	119174817	97.9006	9.37864	36.4	49.2
9MPRENY_S20	SUPER__5	1	113776203	13534384	110722764	97.3163	16.8696	36.5	53.7
9MPRENY_S20	SUPER__6	1	111457381	14097454	110646902	99.2728	17.9876	36.5	55.7
9MPRENY_S20	SUPER__7	1	98951147	12420876	97239035	98.2697	17.8095	36.5	55
9MPRENY_S20	SUPER__8	1	93510542	11785182	92384371	98.7957	17.9537	36.5	55.3
9MPRENY_S20	SUPER__9	1	91912741	11417822	90946769	98.949	17.6764	36.5	55.9
9MPRENY_S20	SUPER__10	1	84231690	10489814	82892453	98.4101	17.6563	36.5	54.3
9MPRENY_S20	SUPER__11	1	83622935	10514479	82525454	98.6876	17.747	36.4	53.9
9MPRENY_S20	SUPER__12	1	81635540	10356240	80500330	98.6094	18.0579	36.5	52.6
9MPRENY_S20	SUPER__13	1	72972725	8754967	71317068	97.7311	17.0502	36.5	52
9MPRENY_S20	SUPER__14	1	61507012	7334492	59272576	96.3672	16.5205	36.3	50.3
9MPRENY_S20	SUPER__15	1	60856427	7625310	60227655	98.9668	17.7323	36.4	55
9MPRENY_S20	SUPER__16	1	55580494	7002357	55243538	99.3938	17.8807	36.5	56
9MPRENY_S20	SUPER__17	1	54681234	6440453	53314894	97.5013	16.6296	36.4	53.7
9MPRENY_S20	SUPER__18	1	52719951	6629192	52115683	98.8538	17.8588	36.5	56
9MPRENY_S20	SUPER__19	1	43711415	5340732	43197494	98.8243	17.348	36.4	55.9
9MPRENY_S20	SUPER__20	1	28462450	3435127	28093953	98.7053	17.0379	36.4	54.8
9MPRENY_S20	SUPER__21	1	25775296	2398470	23008317	89.265	13.0148	36.4	36.9
9MPRENY_S20	SUPER__22	1	17753772	2124701	17515028	98.6552	16.7537	36.4	54.1
9MPRENY_S20	SUPER__23	1	2327365	268532	2299629	98.8083	16.1872	36.3	54.4
AL2_S27	SUPER__1	1	244374582	34770812	239728601	98.0988	20.3947	36.2	52.9
AL2_S27	SUPER__2	1	212563729	31953013	210515558	99.0364	21.497	36.2	54.9
AL2_S27	SUPER__3	1	211792393	31957796	209479107	98.9078	21.5864	36.2	54.2
AL2_S27	SUPER__4	1	121730464	9814874	119515568	98.1805	11.3573	36.2	49.4
AL2_S27	SUPER__5	1	113776203	16445202	110985949	97.5476	20.698	36.2	54
AL2_S27	SUPER__6	1	111457381	17005102	110679037	99.3017	21.9069	36.2	55.7
AL2_S27	SUPER__7	1	98951147	14903815	97389862	98.4222	21.5813	36.2	55.1
AL2_S27	SUPER__8	1	93510542	14105279	92510846	98.9309	21.6966	36.2	55.4
AL2_S27	SUPER__9	1	91912741	13804125	91009187	99.0169	21.5795	36.2	56.2
AL2_S27	SUPER__10	1	84231690	12597657	82945871	98.4735	21.4041	36.2	54.5
AL2_S27	SUPER__11	1	83622935	12703835	82545304	98.7113	21.6557	36.2	54.2
AL2_S27	SUPER__12	1	81635540	12365010	80569400	98.694	21.7647	36.2	53.3
AL2_S27	SUPER__13	1	72972725	10531732	71568724	98.076	20.7028	36.2	52.4
AL2_S27	SUPER__14	1	61507012	8972135	59481145	96.7063	20.3891	36.1	50.6
AL2_S27	SUPER__15	1	60856427	9285520	60239672	98.9865	21.7988	36.2	55
AL2_S27	SUPER__16	1	55580494	8452177	55264501	99.4315	21.7898	36.2	56.3
AL2_S27	SUPER__17	1	54681234	7946359	53423542	97.7	20.7403	36.2	53.9
AL2_S27	SUPER__18	1	52719951	7927565	52204287	99.0219	21.569	36.2	56.2
AL2_S27	SUPER__19	1	43711415	6542175	43243963	98.9306	21.4543	36.2	56.1
AL2_S27	SUPER__20	1	28462450	4243984	28113083	98.7725	21.2648	36.2	55.1
AL2_S27	SUPER__21	1	25775296	2755178	23027898	89.341	15.0573	36.1	38.9
AL2_S27	SUPER__22	1	17753772	2617751	17571073	98.9709	20.8625	36.2	54.3
AL2_S27	SUPER__23	1	2327365	349725	2302074	98.9133	21.348	36.1	54.7
DMR_02716_S26	SUPER__1	1	244374582	37324283	239879154	98.1604	21.6611	37	52.2
DMR_02716_S26	SUPER__2	1	212563729	33975854	210479929	99.0197	22.6086	37	54.6
DMR_02716_S26	SUPER__3	1	211792393	33812960	209617579	98.9731	22.5918	37	54
DMR_02716_S26	SUPER__4	1	121730464	18963488	120159805	98.7097	22.096	37	52.8
DMR_02716_S26	SUPER__5	1	113776203	17470786	110856098	97.4335	21.7635	37	53.8
DMR_02716_S26	SUPER__6	1	111457381	17946167	110708712	99.3283	22.8689	37.1	55.6
DMR_02716_S26	SUPER__7	1	98951147	15707369	97388495	98.4208	22.4826	37	54.8
DMR_02716_S26	SUPER__8	1	93510542	14882816	92481574	98.8996	22.6364	37.1	55.2
DMR_02716_S26	SUPER__9	1	91912741	14710942	91038313	99.0486	22.757	37.1	55.8
DMR_02716_S26	SUPER__10	1	84231690	13451659	82958451	98.4884	22.6048	37	53.9
DMR_02716_S26	SUPER__11	1	83622935	13546606	82501944	98.6595	22.8432	37	53.9
DMR_02716_S26	SUPER__12	1	81635540	13115078	80529412	98.645	22.8372	37.1	53.1
DMR_02716_S26	SUPER__13	1	72972725	11374275	71553598	98.0553	22.1213	37.1	51.5
DMR_02716_S26	SUPER__14	1	61507012	9780227	59488069	96.7175	21.959	36.9	50.2
DMR_02716_S26	SUPER__15	1	60856427	9909592	60254058	99.0102	23.0152	37	54.7
DMR_02716_S26	SUPER__16	1	55580494	8993959	55261968	99.4269	22.9396	37.1	56
DMR_02716_S26	SUPER__17	1	54681234	8584066	53191545	97.2757	22.1876	37	53.6
DMR_02716_S26	SUPER__18	1	52719951	8379268	52186091	98.9874	22.5437	37.1	55.9
DMR_02716_S26	SUPER__19	1	43711415	6988847	43222665	98.8819	22.6867	37	55.9
DMR_02716_S26	SUPER__20	1	28462450	4611610	28128711	98.8274	22.9116	37	54.8
DMR_02716_S26	SUPER__21	1	25775296	3201375	23235853	90.1478	17.4149	37	37.6
DMR_02716_S26	SUPER__22	1	17753772	2808628	17522558	98.6977	22.1668	37	54.1
DMR_02716_S26	SUPER__23	1	2327365	382059	2305316	99.0526	23.1803	36.9	54.9
J11_S34	SUPER__1	1	244374582	26717769	239423706	97.9741	15.7638	36.1	52.4
J11_S34	SUPER__2	1	212563729	24362287	210264219	98.9182	16.4781	36.1	54.9
J11_S34	SUPER__3	1	211792393	24170806	209349983	98.8468	16.4156	36.1	54.4
J11_S34	SUPER__4	1	121730464	13657197	119997081	98.576	16.1957	36.1	53.3
J11_S34	SUPER__5	1	113776203	12525930	111532540	98.028	15.8563	36.1	54.1
J11_S34	SUPER__6	1	111457381	12902662	110670736	99.2942	16.7152	36.1	55.8
J11_S34	SUPER__7	1	98951147	11237109	97095797	98.125	16.361	36.1	55.2
J11_S34	SUPER__8	1	93510542	10710042	92467431	98.8845	16.5651	36.1	55.3
J11_S34	SUPER__9	1	91912741	10556760	90955506	98.9585	16.5968	36.1	56.1
J11_S34	SUPER__10	1	84231690	9640938	82805252	98.3065	16.4658	36.1	54.2
J11_S34	SUPER__11	1	83622935	9735068	82470443	98.6218	16.6807	36.1	54.1
J11_S34	SUPER__12	1	81635540	9396534	80346881	98.4214	16.6265	36.1	53.5
J11_S34	SUPER__13	1	72972725	8190886	71418826	97.8706	16.1974	36.1	51.5
J11_S34	SUPER__14	1	61507012	6955485	59200165	96.2495	15.8714	35.9	50.7
J11_S34	SUPER__15	1	60856427	7108939	60198390	98.9187	16.7708	36.1	54.9
J11_S34	SUPER__16	1	55580494	6451600	55231896	99.3728	16.7293	36.1	56.3
J11_S34	SUPER__17	1	54681234	6192525	53224758	97.3364	16.25	36.1	53.9
J11_S34	SUPER__18	1	52719951	6017029	52094152	98.813	16.4623	36.1	56.3
J11_S34	SUPER__19	1	43711415	5016228	43180993	98.7865	16.5392	36.1	56.2
J11_S34	SUPER__20	1	28462450	3301347	28078487	98.651	16.6464	36.1	55.3
J11_S34	SUPER__21	1	25775296	2440402	23230307	90.1262	13.4899	36	36.9
J11_S34	SUPER__22	1	17753772	2041329	17534170	98.7631	16.357	36	54.5
J11_S34	SUPER__23	1	2327365	274063	2295579	98.6342	16.8462	36	54.9
J12_S33	SUPER__1	1	244374582	43722210	240659518	98.4798	25.678	36.4	52.3
J12_S33	SUPER__2	1	212563729	39687704	210594965	99.0738	26.7254	36.4	54.8
J12_S33	SUPER__3	1	211792393	39571596	209719433	99.0212	26.7469	36.4	54.3
J12_S33	SUPER__4	1	121730464	22316192	120343362	98.8605	26.3378	36.4	53.2
J12_S33	SUPER__5	1	113776203	20415322	111034446	97.5902	25.7328	36.4	53.9
J12_S33	SUPER__6	1	111457381	20978432	110759603	99.374	27.0539	36.4	55.7
J12_S33	SUPER__7	1	98951147	18425169	97570708	98.6049	26.694	36.4	55
J12_S33	SUPER__8	1	93510542	17407159	92670369	99.1015	26.7985	36.4	55.5
J12_S33	SUPER__9	1	91912741	17075526	91056708	99.0686	26.7226	36.4	56.1
J12_S33	SUPER__10	1	84231690	15730747	83059254	98.6081	26.7644	36.4	54.1
J12_S33	SUPER__11	1	83622935	15746910	82713784	98.9128	26.8556	36.4	53.9
J12_S33	SUPER__12	1	81635540	15227837	80623037	98.7597	26.8256	36.4	53.3
J12_S33	SUPER__13	1	72972725	13467962	71858558	98.4732	26.5223	36.4	50.7
J12_S33	SUPER__14	1	61507012	11184029	59718443	97.0921	25.3981	36.2	50.4
J12_S33	SUPER__15	1	60856427	11423112	60328921	99.1332	26.8454	36.4	55
J12_S33	SUPER__16	1	55580494	10433185	55289969	99.4773	26.9322	36.4	56.2
J12_S33	SUPER__17	1	54681234	9976282	53623389	98.0654	26.0646	36.4	53.6
J12_S33	SUPER__18	1	52719951	9799894	52282026	99.1693	26.6908	36.4	56.1
J12_S33	SUPER__19	1	43711415	8072765	43270351	98.991	26.5036	36.4	56.1
J12_S33	SUPER__20	1	28462450	5233922	28124865	98.8139	26.275	36.4	55.2
J12_S33	SUPER__21	1	25775296	3688041	23812934	92.3867	20.2647	36.3	37.9
J12_S33	SUPER__22	1	17753772	3220799	17537866	98.7839	25.6979	36.4	54.6
J12_S33	SUPER__23	1	2327365	428457	2309274	99.2227	26.2083	36.3	54.4
J17_S32	SUPER__1	1	244374582	35721689	240032352	98.2231	21.0241	36.3	52.4
J17_S32	SUPER__2	1	212563729	32619977	210515645	99.0365	22.0067	36.3	54.7
J17_S32	SUPER__3	1	211792393	32349604	209585090	98.9578	21.9136	36.3	54.2
J17_S32	SUPER__4	1	121730464	10080720	119457990	98.1332	11.7018	36.2	49.1
J17_S32	SUPER__5	1	113776203	16800652	110822448	97.4039	21.2195	36.3	54
J17_S32	SUPER__6	1	111457381	17273542	110730934	99.3482	22.327	36.3	55.7
J17_S32	SUPER__7	1	98951147	15066883	97369842	98.4019	21.8754	36.3	55
J17_S32	SUPER__8	1	93510542	14283884	92611955	99.0391	22.0446	36.3	55.3
J17_S32	SUPER__9	1	91912741	14118313	91034219	99.0442	22.1454	36.3	56
J17_S32	SUPER__10	1	84231690	12779419	82842749	98.351	21.7624	36.3	54.4
J17_S32	SUPER__11	1	83622935	13050563	82562084	98.7314	22.3018	36.3	53.9
J17_S32	SUPER__12	1	81635540	12706555	80585359	98.7136	22.4464	36.3	52.9
J17_S32	SUPER__13	1	72972725	11205998	71779509	98.3648	22.1246	36.3	50.5
J17_S32	SUPER__14	1	61507012	9439233	59334192	96.4674	21.4779	36.1	50.5
J17_S32	SUPER__15	1	60856427	9504372	60200955	98.9229	22.3766	36.3	54.9
J17_S32	SUPER__16	1	55580494	8627107	55267864	99.4375	22.3148	36.3	56.2
J17_S32	SUPER__17	1	54681234	8185089	53266347	97.4125	21.427	36.3	54.2
J17_S32	SUPER__18	1	52719951	8023920	52160606	98.939	21.9058	36.3	56.2
J17_S32	SUPER__19	1	43711415	6714721	43215075	98.8645	22.1008	36.3	56.2
J17_S32	SUPER__20	1	28462450	4389095	28086980	98.6808	22.0714	36.3	55.4
J17_S32	SUPER__21	1	25775296	3118950	23602632	91.5708	17.1824	36.2	38
J17_S32	SUPER__22	1	17753772	2702107	17541782	98.8059	21.6255	36.2	54.5
J17_S32	SUPER__23	1	2327365	367139	2303915	98.9924	22.5268	36.2	54.9
NYDEC31050_S48	SUPER__1	1	244374582	38473438	240408467	98.377	22.7153	36.3	52.3
NYDEC31050_S48	SUPER__2	1	212563729	35002495	210605666	99.0788	23.6983	36.3	54.9
NYDEC31050_S48	SUPER__3	1	211792393	34704907	209665683	98.9959	23.596	36.3	54.3
NYDEC31050_S48	SUPER__4	1	121730464	19253209	120240434	98.776	22.8352	36.3	53.2
NYDEC31050_S48	SUPER__5	1	113776203	18098062	110993874	97.5546	22.9373	36.3	54.1
NYDEC31050_S48	SUPER__6	1	111457381	18540214	110705151	99.3251	24.034	36.3	55.9
NYDEC31050_S48	SUPER__7	1	98951147	16177442	97438598	98.4714	23.5728	36.3	55.1
NYDEC31050_S48	SUPER__8	1	93510542	15387654	92593398	99.0192	23.8138	36.3	55.4
NYDEC31050_S48	SUPER__9	1	91912741	15157652	91042722	99.0534	23.8479	36.3	56.2
NYDEC31050_S48	SUPER__10	1	84231690	13811452	82917100	98.4393	23.6202	36.3	54.3
NYDEC31050_S48	SUPER__11	1	83622935	13938257	82509353	98.6683	23.9107	36.3	54.4
NYDEC31050_S48	SUPER__12	1	81635540	13618116	80502395	98.6119	24.1196	36.3	53.1
NYDEC31050_S48	SUPER__13	1	72972725	12033624	71844129	98.4534	23.8282	36.3	50.7
NYDEC31050_S48	SUPER__14	1	61507012	10101803	59658689	96.9949	23.1428	36.1	50.8
NYDEC31050_S48	SUPER__15	1	60856427	10239301	60330820	99.1363	24.202	36.3	54.9
NYDEC31050_S48	SUPER__16	1	55580494	9306973	55271149	99.4434	24.1493	36.3	56.3
NYDEC31050_S48	SUPER__17	1	54681234	8854025	53504750	97.8485	23.2731	36.2	54.3
NYDEC31050_S48	SUPER__18	1	52719951	8651366	52190981	98.9966	23.6823	36.3	56.3
NYDEC31050_S48	SUPER__19	1	43711415	7233043	43226036	98.8896	23.8756	36.3	56.3
NYDEC31050_S48	SUPER__20	1	28462450	4760118	28096044	98.7127	24.0216	36.2	55.5
NYDEC31050_S48	SUPER__21	1	25775296	3104995	23045779	89.4103	17.1181	36.2	39.7
NYDEC31050_S48	SUPER__22	1	17753772	2938595	17537510	98.7819	23.5723	36.2	54.4
NYDEC31050_S48	SUPER__23	1	2327365	402975	2303057	98.9556	24.8392	36.2	55.4
NYDEC31052_S49	SUPER__1	1	244374582	42250066	240775448	98.5272	24.8865	36.2	52.3
NYDEC31052_S49	SUPER__2	1	212563729	38508584	210672653	99.1103	26.0043	36.2	54.7
NYDEC31052_S49	SUPER__3	1	211792393	38243795	209710708	99.0171	25.9308	36.2	54.2
NYDEC31052_S49	SUPER__4	1	121730464	21325927	120349495	98.8656	25.239	36.1	53.1
NYDEC31052_S49	SUPER__5	1	113776203	19857017	111282288	97.8081	25.1003	36.2	54
NYDEC31052_S49	SUPER__6	1	111457381	20396182	110764482	99.3783	26.3838	36.2	55.7
NYDEC31052_S49	SUPER__7	1	98951147	17894618	97510414	98.544	26.0039	36.2	55.1
NYDEC31052_S49	SUPER__8	1	93510542	16900395	92633920	99.0625	26.0986	36.2	55.4
NYDEC31052_S49	SUPER__9	1	91912741	16683380	91104370	99.1205	26.1914	36.2	56.1
NYDEC31052_S49	SUPER__10	1	84231690	15173110	83002896	98.5412	25.8843	36.2	54.3
NYDEC31052_S49	SUPER__11	1	83622935	15456474	82654990	98.8425	26.4404	36.2	54
NYDEC31052_S49	SUPER__12	1	81635540	14918880	80577055	98.7034	26.3584	36.2	53.3
NYDEC31052_S49	SUPER__13	1	72972725	13022141	71829016	98.4327	25.7214	36.2	51.3
NYDEC31052_S49	SUPER__14	1	61507012	11083538	59751960	97.1466	25.298	36	50.4
NYDEC31052_S49	SUPER__15	1	60856427	11204876	60307612	99.0982	26.4089	36.2	55
NYDEC31052_S49	SUPER__16	1	55580494	10204483	55282872	99.4645	26.4191	36.2	56.3
NYDEC31052_S49	SUPER__17	1	54681234	9711208	53317319	97.5057	25.4535	36.2	54.2
NYDEC31052_S49	SUPER__18	1	52719951	9546980	52243814	99.0969	26.0759	36.2	56.1
NYDEC31052_S49	SUPER__19	1	43711415	7971374	43274573	99.0006	26.2496	36.2	56.1
NYDEC31052_S49	SUPER__20	1	28462450	5250701	28143291	98.8787	26.4458	36.2	55.1
NYDEC31052_S49	SUPER__21	1	25775296	3680812	23702177	91.957	20.2852	36.1	38.2
NYDEC31052_S49	SUPER__22	1	17753772	3180079	17548162	98.8419	25.4326	36.1	54.5
NYDEC31052_S49	SUPER__23	1	2327365	436625	2306983	99.1242	26.8275	36.1	55.5
NYDEC31057_S51	SUPER__1	1	244374582	27293341	239495013	98.0032	16.0288	36.2	52.4
NYDEC31057_S51	SUPER__2	1	212563729	24969874	210235665	98.9048	16.818	36.2	54.7
NYDEC31057_S51	SUPER__3	1	211792393	24960441	209435878	98.8873	16.8668	36.2	54
NYDEC31057_S51	SUPER__4	1	121730464	13898509	120169167	98.7174	16.3989	36.2	52.9
NYDEC31057_S51	SUPER__5	1	113776203	12783158	111372151	97.887	16.1177	36.2	54.1
NYDEC31057_S51	SUPER__6	1	111457381	13224988	110653384	99.2787	17.061	36.2	55.7
NYDEC31057_S51	SUPER__7	1	98951147	11640554	97150664	98.1804	16.868	36.2	54.9
NYDEC31057_S51	SUPER__8	1	93510542	11025384	92511868	98.932	16.9838	36.2	55.2
NYDEC31057_S51	SUPER__9	1	91912741	10789616	90955179	98.9582	16.8954	36.2	56
NYDEC31057_S51	SUPER__10	1	84231690	10034433	82871700	98.3854	17.024	36.2	53.9
NYDEC31057_S51	SUPER__11	1	83622935	10030910	82408326	98.5475	17.1076	36.2	53.8
NYDEC31057_S51	SUPER__12	1	81635540	9682199	80425946	98.5183	17.0713	36.2	53.1
NYDEC31057_S51	SUPER__13	1	72972725	8535825	71671348	98.2166	16.8198	36.2	50.6
NYDEC31057_S51	SUPER__14	1	61507012	7100976	59416143	96.6006	16.1388	36	50.2
NYDEC31057_S51	SUPER__15	1	60856427	7232770	60131644	98.809	17.002	36.2	54.9
NYDEC31057_S51	SUPER__16	1	55580494	6592549	55214897	99.3422	17.0193	36.2	56.2
NYDEC31057_S51	SUPER__17	1	54681234	6241224	53253672	97.3893	16.3156	36.2	54.1
NYDEC31057_S51	SUPER__18	1	52719951	6193264	52157357	98.9329	16.8743	36.2	56.1
NYDEC31057_S51	SUPER__19	1	43711415	5092314	43142035	98.6974	16.7325	36.2	56.2
NYDEC31057_S51	SUPER__20	1	28462450	3315699	28061903	98.5927	16.6593	36.2	55.2
NYDEC31057_S51	SUPER__21	1	25775296	2309851	23294795	90.3764	12.6878	36.1	38.3
NYDEC31057_S51	SUPER__22	1	17753772	2078982	17562962	98.9252	16.6148	36.2	54.5
NYDEC31057_S51	SUPER__23	1	2327365	270898	2299842	98.8174	16.6073	36.1	55.2
NYDEC31058_S50	SUPER__1	1	244374582	35768931	240278639	98.3239	20.9963	36.1	52.3
NYDEC31058_S50	SUPER__2	1	212563729	32596847	210484229	99.0217	21.9428	36.1	54.7
NYDEC31058_S50	SUPER__3	1	211792393	32463601	209621964	98.9752	21.9366	36.1	54.2
NYDEC31058_S50	SUPER__4	1	121730464	10106871	119602590	98.252	11.6908	36	49.1
NYDEC31058_S50	SUPER__5	1	113776203	16714099	111814638	98.2759	21.0576	36.1	54
NYDEC31058_S50	SUPER__6	1	111457381	17262494	110777553	99.3901	22.2548	36.1	55.6
NYDEC31058_S50	SUPER__7	1	98951147	15164927	97328195	98.3598	21.9667	36.1	55
NYDEC31058_S50	SUPER__8	1	93510542	14320807	92584196	99.0094	22.0466	36.1	55.4
NYDEC31058_S50	SUPER__9	1	91912741	14051299	91027251	99.0366	21.9865	36.1	56.1
NYDEC31058_S50	SUPER__10	1	84231690	13012638	83048365	98.5952	22.1023	36.1	53.9
NYDEC31058_S50	SUPER__11	1	83622935	13034385	82594325	98.7699	22.2352	36.1	54
NYDEC31058_S50	SUPER__12	1	81635540	12654162	80600777	98.7325	22.2937	36.1	53
NYDEC31058_S50	SUPER__13	1	72972725	10908905	71551729	98.0527	21.4686	36.1	51.7
NYDEC31058_S50	SUPER__14	1	61507012	9172069	59603762	96.9056	20.8559	35.9	50.7
NYDEC31058_S50	SUPER__15	1	60856427	9435949	60262927	99.0248	22.1648	36.1	55
NYDEC31058_S50	SUPER__16	1	55580494	8613673	55276923	99.4538	22.2272	36.1	56.2
NYDEC31058_S50	SUPER__17	1	54681234	8203164	53441452	97.7327	21.4334	36	54
NYDEC31058_S50	SUPER__18	1	52719951	8068473	52251914	99.1122	21.9698	36.1	56.2
NYDEC31058_S50	SUPER__19	1	43711415	6715441	43260710	98.9689	22.0471	36.1	56.1
NYDEC31058_S50	SUPER__20	1	28462450	4347926	28056393	98.5734	21.8202	36.1	55.4
NYDEC31058_S50	SUPER__21	1	25775296	3018967	23450061	90.9788	16.5476	36	38.5
NYDEC31058_S50	SUPER__22	1	17753772	2704233	17553572	98.8724	21.5748	36	54.3
NYDEC31058_S50	SUPER__23	1	2327365	358405	2305085	99.0427	21.9159	36	54.9
NYDEC33007_S47	SUPER__1	1	244374582	37235702	240172064	98.2803	21.9225	36.1	52.6
NYDEC33007_S47	SUPER__2	1	212563729	34173638	210703558	99.1249	23.0709	36.1	54.7
NYDEC33007_S47	SUPER__3	1	211792393	34045504	209802352	99.0604	23.0748	36.1	54.3
NYDEC33007_S47	SUPER__4	1	121730464	18944008	120321790	98.8428	22.4044	36.1	53.1
NYDEC33007_S47	SUPER__5	1	113776203	17509383	111786394	98.2511	22.1266	36.1	54.1
NYDEC33007_S47	SUPER__6	1	111457381	18030831	110730067	99.3475	23.3166	36.1	55.8
NYDEC33007_S47	SUPER__7	1	98951147	15880993	97435569	98.4684	23.0663	36.1	55.1
NYDEC33007_S47	SUPER__8	1	93510542	15038611	92599569	99.0258	23.2192	36.1	55.4
NYDEC33007_S47	SUPER__9	1	91912741	14715924	91046633	99.0577	23.0966	36.1	56.1
NYDEC33007_S47	SUPER__10	1	84231690	13487439	83014923	98.5555	22.9992	36.1	54.3
NYDEC33007_S47	SUPER__11	1	83622935	13721237	82662852	98.8519	23.464	36.1	53.9
NYDEC33007_S47	SUPER__12	1	81635540	13294782	80641351	98.7822	23.4952	36.1	52.9
NYDEC33007_S47	SUPER__13	1	72972725	11419555	71717421	98.2798	22.5394	36.1	51.6
NYDEC33007_S47	SUPER__14	1	61507012	9754319	59653362	96.9863	22.2401	35.9	50.5
NYDEC33007_S47	SUPER__15	1	60856427	9895034	60230155	98.9709	23.3075	36.1	55
NYDEC33007_S47	SUPER__16	1	55580494	8999927	55268809	99.4392	23.2843	36.1	56.2
NYDEC33007_S47	SUPER__17	1	54681234	8499915	53379748	97.6199	22.2777	36.1	54
NYDEC33007_S47	SUPER__18	1	52719951	8437562	52236389	99.0828	23.0426	36.1	56.2
NYDEC33007_S47	SUPER__19	1	43711415	6936552	43221504	98.8792	22.8408	36.1	56.2
NYDEC33007_S47	SUPER__20	1	28462450	4501002	28118455	98.7914	22.6576	36	55.6
NYDEC33007_S47	SUPER__21	1	25775296	3357508	23793710	92.3121	18.4984	36	36.9
NYDEC33007_S47	SUPER__22	1	17753772	2818623	17578353	99.0119	22.5467	36	54.4
NYDEC33007_S47	SUPER__23	1	2327365	379044	2305315	99.0526	23.276	36	55.2
NYDEC33023_S46	SUPER__1	1	244374582	43727748	240283227	98.3258	25.7625	36.4	52.6
NYDEC33023_S46	SUPER__2	1	212563729	40065461	210724414	99.1347	27.0674	36.4	54.8
NYDEC33023_S46	SUPER__3	1	211792393	39809146	209665981	98.996	26.9943	36.4	54.2
NYDEC33023_S46	SUPER__4	1	121730464	12493435	119722283	98.3503	14.5125	36.4	49.3
NYDEC33023_S46	SUPER__5	1	113776203	20632194	111023966	97.581	26.0795	36.4	54.1
NYDEC33023_S46	SUPER__6	1	111457381	21163832	110750980	99.3662	27.3864	36.5	55.8
NYDEC33023_S46	SUPER__7	1	98951147	18528192	97427649	98.4604	26.9393	36.4	55.1
NYDEC33023_S46	SUPER__8	1	93510542	17615804	92619007	99.0466	27.2201	36.5	55.2
NYDEC33023_S46	SUPER__9	1	91912741	17368605	91060918	99.0732	27.2742	36.5	56.1
NYDEC33023_S46	SUPER__10	1	84231690	15795394	82998541	98.536	26.9535	36.5	54.3
NYDEC33023_S46	SUPER__11	1	83622935	16029259	82643567	98.8288	27.4272	36.4	54.1
NYDEC33023_S46	SUPER__12	1	81635540	15631092	80600189	98.7317	27.638	36.5	53
NYDEC33023_S46	SUPER__13	1	72972725	13742277	71850226	98.4618	27.1584	36.5	50.8
NYDEC33023_S46	SUPER__14	1	61507012	11590379	59599489	96.8987	26.4316	36.3	50.6
NYDEC33023_S46	SUPER__15	1	60856427	11700581	60316681	99.1131	27.5814	36.4	55
NYDEC33023_S46	SUPER__16	1	55580494	10672984	55281943	99.4628	27.6358	36.5	56.2
NYDEC33023_S46	SUPER__17	1	54681234	10166694	53269136	97.4176	26.6538	36.4	54.3
NYDEC33023_S46	SUPER__18	1	52719951	9939981	52251923	99.1122	27.1632	36.5	56.1
NYDEC33023_S46	SUPER__19	1	43711415	8333617	43270255	98.9907	27.4612	36.4	56.2
NYDEC33023_S46	SUPER__20	1	28462450	5496732	28142537	98.876	27.69	36.4	55.2
NYDEC33023_S46	SUPER__21	1	25775296	4087958	24028513	93.223	22.5951	36.4	36.8
NYDEC33023_S46	SUPER__22	1	17753772	3346227	17509696	98.6252	26.7826	36.4	54.6
NYDEC33023_S46	SUPER__23	1	2327365	460592	2307215	99.1342	28.2859	36.3	55.2
NYDEC33025_S45	SUPER__1	1	244374582	29699568	239806815	98.1308	17.5044	36.3	52
NYDEC33025_S45	SUPER__2	1	212563729	26903404	210253916	98.9134	18.1787	36.3	54.8
NYDEC33025_S45	SUPER__3	1	211792393	26809342	209412472	98.8763	18.1862	36.3	54.2
NYDEC33025_S45	SUPER__4	1	121730464	15130017	120092497	98.6544	17.9159	36.3	53.2
NYDEC33025_S45	SUPER__5	1	113776203	13788476	111496750	97.9965	17.4415	36.3	54.1
NYDEC33025_S45	SUPER__6	1	111457381	14251527	110624722	99.2529	18.4453	36.3	55.8
NYDEC33025_S45	SUPER__7	1	98951147	12482760	97319347	98.3509	18.1486	36.3	54.9
NYDEC33025_S45	SUPER__8	1	93510542	11813633	92495355	98.9144	18.2569	36.3	55.3
NYDEC33025_S45	SUPER__9	1	91912741	11623155	91009154	99.0169	18.2573	36.3	56
NYDEC33025_S45	SUPER__10	1	84231690	10626177	82812598	98.3153	18.1143	36.3	54.3
NYDEC33025_S45	SUPER__11	1	83622935	10777829	82441224	98.5869	18.4443	36.3	53.9
NYDEC33025_S45	SUPER__12	1	81635540	10481747	80482908	98.5881	18.5372	36.3	52.8
NYDEC33025_S45	SUPER__13	1	72972725	9087688	71583479	98.0962	17.954	36.3	51.1
NYDEC33025_S45	SUPER__14	1	61507012	7659333	59411956	96.5938	17.4524	36.1	50.6
NYDEC33025_S45	SUPER__15	1	60856427	7811959	60171174	98.874	18.4148	36.3	54.9
NYDEC33025_S45	SUPER__16	1	55580494	7124719	55230694	99.3706	18.4481	36.3	56.2
NYDEC33025_S45	SUPER__17	1	54681234	6762054	53252481	97.3871	17.7353	36.3	54.1
NYDEC33025_S45	SUPER__18	1	52719951	6639628	52139654	98.8993	18.1446	36.3	56.2
NYDEC33025_S45	SUPER__19	1	43711415	5513066	43197443	98.8242	18.1655	36.3	56.1
NYDEC33025_S45	SUPER__20	1	28462450	3617369	28093366	98.7033	18.229	36.3	55.4
NYDEC33025_S45	SUPER__21	1	25775296	2560788	23301889	90.404	14.1275	36.2	38.2
NYDEC33025_S45	SUPER__22	1	17753772	2229746	17491194	98.521	17.8551	36.3	54.6
NYDEC33025_S45	SUPER__23	1	2327365	297650	2300574	98.8489	18.3014	36.2	55.3
NYDEC33026_S44	SUPER__1	1	244374582	49912387	241193907	98.6984	29.4439	36.4	52.2
NYDEC33026_S44	SUPER__2	1	212563729	45404766	210881097	99.2084	30.7091	36.3	54.8
NYDEC33026_S44	SUPER__3	1	211792393	45190362	210060773	99.1824	30.6853	36.3	54.3
NYDEC33026_S44	SUPER__4	1	121730464	14101431	119893022	98.4906	16.398	36.3	49.3
NYDEC33026_S44	SUPER__5	1	113776203	23277243	111222888	97.7558	29.4672	36.4	54.2
NYDEC33026_S44	SUPER__6	1	111457381	24010554	110847651	99.4529	31.1033	36.4	55.8
NYDEC33026_S44	SUPER__7	1	98951147	21024391	97497088	98.5305	30.5942	36.4	55.1
NYDEC33026_S44	SUPER__8	1	93510542	19888696	92624999	99.053	30.7641	36.4	55.5
NYDEC33026_S44	SUPER__9	1	91912741	19607277	91178583	99.2012	30.8297	36.4	56.1
NYDEC33026_S44	SUPER__10	1	84231690	17991230	83183787	98.7559	30.7309	36.4	54.1
NYDEC33026_S44	SUPER__11	1	83622935	18221932	82766996	98.9764	31.233	36.3	54
NYDEC33026_S44	SUPER__12	1	81635540	17709144	80715017	98.8724	31.3491	36.4	52.8
NYDEC33026_S44	SUPER__13	1	72972725	15261832	71833255	98.4385	30.1789	36.4	51.6
NYDEC33026_S44	SUPER__14	1	61507012	12892030	59756564	97.1541	29.47	36.2	50.8
NYDEC33026_S44	SUPER__15	1	60856427	13223745	60409129	99.265	31.2272	36.3	55
NYDEC33026_S44	SUPER__16	1	55580494	12032055	55322223	99.5353	31.1945	36.4	56.2
NYDEC33026_S44	SUPER__17	1	54681234	11408773	53398355	97.6539	29.9622	36.3	54.1
NYDEC33026_S44	SUPER__18	1	52719951	11193435	52221948	99.0554	30.6238	36.4	56.2
NYDEC33026_S44	SUPER__19	1	43711415	9287894	43297260	99.0525	30.6442	36.3	56.2
NYDEC33026_S44	SUPER__20	1	28462450	6094817	28165740	98.9575	30.7336	36.3	55.5
NYDEC33026_S44	SUPER__21	1	25775296	4184082	23658877	91.789	23.0722	36.3	38.7
NYDEC33026_S44	SUPER__22	1	17753772	3729823	17562415	98.9222	29.9071	36.3	54.5
NYDEC33026_S44	SUPER__23	1	2327365	506784	2304191	99.0043	31.1876	36.2	55.7
OL10_S36	SUPER__1	1	244374582	40663772	240653086	98.4771	23.9489	36.1	52.4
OL10_S36	SUPER__2	1	212563729	36985473	210547051	99.0513	24.9854	36.1	54.8
OL10_S36	SUPER__3	1	211792393	36983701	209823285	99.0703	25.0858	36.1	54.2
OL10_S36	SUPER__4	1	121730464	20994140	120338074	98.8562	24.8556	36.1	53.2
OL10_S36	SUPER__5	1	113776203	19029637	111923692	98.3718	24.0601	36.1	54
OL10_S36	SUPER__6	1	111457381	19634445	110772744	99.3857	25.3952	36.1	55.7
OL10_S36	SUPER__7	1	98951147	17184895	97507009	98.5406	24.9808	36.1	55.1
OL10_S36	SUPER__8	1	93510542	16272525	92671789	99.103	25.1301	36.1	55.4
OL10_S36	SUPER__9	1	91912741	16001557	91029581	99.0391	25.1175	36.1	56.2
OL10_S36	SUPER__10	1	84231690	14644139	83113942	98.673	24.9642	36.1	54.3
OL10_S36	SUPER__11	1	83622935	14761654	82612229	98.7914	25.2642	36.1	54
OL10_S36	SUPER__12	1	81635540	14379374	80611561	98.7457	25.4133	36.1	53
OL10_S36	SUPER__13	1	72972725	12413013	71747378	98.3208	24.5089	36.1	51.6
OL10_S36	SUPER__14	1	61507012	10435938	59659199	96.9958	23.874	35.9	50.7
OL10_S36	SUPER__15	1	60856427	10733699	60314388	99.1093	25.3025	36.1	55
OL10_S36	SUPER__16	1	55580494	9789166	55260591	99.4244	25.3481	36.1	56.3
OL10_S36	SUPER__17	1	54681234	9146084	53259389	97.3998	23.9728	36.1	54.4
OL10_S36	SUPER__18	1	52719951	9152918	52254301	99.1167	25.0043	36.1	56.2
OL10_S36	SUPER__19	1	43711415	7583192	43283034	99.02	24.976	36.1	56.2
OL10_S36	SUPER__20	1	28462450	4951184	28204499	99.0937	24.937	36.1	55.3
OL10_S36	SUPER__21	1	25775296	3584256	23710169	91.988	19.775	36	37.9
OL10_S36	SUPER__22	1	17753772	3081008	17576169	98.9996	24.6721	36	54.4
OL10_S36	SUPER__23	1	2327365	399272	2305417	99.057	24.5269	36	55.5
OL2_S1	SUPER__1	1	244374582	27460388	239430847	97.977	16.1172	36.3	52.3
OL2_S1	SUPER__2	1	212563729	25027722	210340283	98.954	16.8413	36.3	54.7
OL2_S1	SUPER__3	1	211792393	24879739	209307453	98.8267	16.8118	36.3	54.3
OL2_S1	SUPER__4	1	121730464	7808110	119182878	97.9072	9.03909	36.3	49.4
OL2_S1	SUPER__5	1	113776203	12826398	110559108	97.1724	16.151	36.3	54
OL2_S1	SUPER__6	1	111457381	13229271	110602191	99.2327	17.0482	36.3	55.8
OL2_S1	SUPER__7	1	98951147	11604615	97210563	98.241	16.807	36.3	55.1
OL2_S1	SUPER__8	1	93510542	11034783	92416505	98.83	16.9795	36.4	55.2
OL2_S1	SUPER__9	1	91912741	10811639	90952339	98.9551	16.9077	36.4	56.1
OL2_S1	SUPER__10	1	84231690	9882225	82811106	98.3135	16.7942	36.3	54.2
OL2_S1	SUPER__11	1	83622935	9944733	82497906	98.6546	16.9557	36.3	54.1
OL2_S1	SUPER__12	1	81635540	9680978	80488069	98.5944	17.0501	36.3	53.1
OL2_S1	SUPER__13	1	72972725	8384416	71500172	97.9821	16.4959	36.3	51.5
OL2_S1	SUPER__14	1	61507012	7124895	59232714	96.3024	16.1964	36.2	50.3
OL2_S1	SUPER__15	1	60856427	7256185	60190369	98.9055	17.0377	36.3	55
OL2_S1	SUPER__16	1	55580494	6618827	55229325	99.3682	17.071	36.3	56.2
OL2_S1	SUPER__17	1	54681234	6235032	53306635	97.4862	16.2836	36.3	53.9
OL2_S1	SUPER__18	1	52719951	6193171	52073026	98.7729	16.8549	36.4	56.2
OL2_S1	SUPER__19	1	43711415	5099748	43177123	98.7777	16.7328	36.3	56.1
OL2_S1	SUPER__20	1	28462450	3360225	28097208	98.7168	16.8563	36.3	55.1
OL2_S1	SUPER__21	1	25775296	2367466	23218600	90.0808	13.0128	36.2	37.7
OL2_S1	SUPER__22	1	17753772	2056126	17481422	98.466	16.3997	36.3	54.6
OL2_S1	SUPER__23	1	2327365	271099	2299122	98.7865	16.5727	36.2	55
OL5_S35	SUPER__1	1	244374582	25279826	239320646	97.9319	14.8898	36.6	52.4
OL5_S35	SUPER__2	1	212563729	23032982	210223783	98.8992	15.553	36.6	54.7
OL5_S35	SUPER__3	1	211792393	22953095	209344068	98.844	15.561	36.6	54.2
OL5_S35	SUPER__4	1	121730464	12973332	119940934	98.5299	15.361	36.6	53.2
OL5_S35	SUPER__5	1	113776203	11891287	110474383	97.098	15.0313	36.6	53.8
OL5_S35	SUPER__6	1	111457381	12206192	110576879	99.21	15.7888	36.6	55.7
OL5_S35	SUPER__7	1	98951147	10655485	97103176	98.1324	15.4839	36.6	55
OL5_S35	SUPER__8	1	93510542	10117623	92381172	98.7923	15.6251	36.6	55.4
OL5_S35	SUPER__9	1	91912741	9954519	90908043	98.9069	15.6246	36.6	56
OL5_S35	SUPER__10	1	84231690	9099992	82648016	98.1199	15.5155	36.6	54.2
OL5_S35	SUPER__11	1	83622935	9179324	82427353	98.5703	15.6905	36.5	54
OL5_S35	SUPER__12	1	81635540	8919868	80423216	98.515	15.7627	36.6	53.1
OL5_S35	SUPER__13	1	72972725	7714391	71307069	97.7174	15.2249	36.6	51.5
OL5_S35	SUPER__14	1	61507012	6625325	59216562	96.2761	15.0522	36.4	50.3
OL5_S35	SUPER__15	1	60856427	6758472	60132291	98.8101	15.9174	36.6	54.6
OL5_S35	SUPER__16	1	55580494	6101010	55235680	99.3796	15.7879	36.6	56.1
OL5_S35	SUPER__17	1	54681234	5734154	52959424	96.8512	15.0282	36.5	54.1
OL5_S35	SUPER__18	1	52719951	5690716	52147157	98.9135	15.5456	36.6	56.1
OL5_S35	SUPER__19	1	43711415	4713705	43168446	98.7578	15.5237	36.6	56.1
OL5_S35	SUPER__20	1	28462450	3072191	28044650	98.5321	15.4734	36.5	55.4
OL5_S35	SUPER__21	1	25775296	2265111	23076885	89.531	12.511	36.5	37.7
OL5_S35	SUPER__22	1	17753772	1898917	17487788	98.5018	15.2006	36.5	54.6
OL5_S35	SUPER__23	1	2327365	255076	2302053	98.9124	15.6673	36.4	54.4
PAGC60003_S38	SUPER__1	1	244374582	29466212	239491877	98.002	17.3654	36.7	52.3
PAGC60003_S38	SUPER__2	1	212563729	26789345	210193432	98.8849	18.1006	36.6	54.8
PAGC60003_S38	SUPER__3	1	211792393	26670959	209189829	98.7712	18.0912	36.6	54.2
PAGC60003_S38	SUPER__4	1	121730464	15098161	119940140	98.5293	17.8905	36.6	53.2
PAGC60003_S38	SUPER__5	1	113776203	13800789	110462589	97.0876	17.4545	36.7	53.9
PAGC60003_S38	SUPER__6	1	111457381	14177583	110602002	99.2326	18.3433	36.7	55.8
PAGC60003_S38	SUPER__7	1	98951147	12412312	97337915	98.3697	18.0426	36.7	55
PAGC60003_S38	SUPER__8	1	93510542	11783083	92410119	98.8232	18.2051	36.7	55.3
PAGC60003_S38	SUPER__9	1	91912741	11635252	90939201	98.9408	18.271	36.7	56.1
PAGC60003_S38	SUPER__10	1	84231690	10615203	82775772	98.2715	18.1044	36.7	53.9
PAGC60003_S38	SUPER__11	1	83622935	10709440	82425378	98.5679	18.3174	36.6	54
PAGC60003_S38	SUPER__12	1	81635540	10423629	80376421	98.4576	18.427	36.7	53.1
PAGC60003_S38	SUPER__13	1	72972725	9268825	71468678	97.9389	18.3223	36.7	50.1
PAGC60003_S38	SUPER__14	1	61507012	7614556	59128893	96.1336	17.3395	36.5	50.7
PAGC60003_S38	SUPER__15	1	60856427	7813145	60206421	98.9319	18.4171	36.6	54.9
PAGC60003_S38	SUPER__16	1	55580494	7096741	55222947	99.3567	18.3757	36.7	56.2
PAGC60003_S38	SUPER__17	1	54681234	6744159	53174626	97.2447	17.682	36.6	53.9
PAGC60003_S38	SUPER__18	1	52719951	6619695	52163147	98.9438	18.0904	36.7	56.1
PAGC60003_S38	SUPER__19	1	43711415	5513910	43205825	98.8433	18.1664	36.7	56.1
PAGC60003_S38	SUPER__20	1	28462450	3611135	28084742	98.673	18.1969	36.6	55.2
PAGC60003_S38	SUPER__21	1	25775296	2630950	23264095	90.2573	14.5592	36.6	37.2
PAGC60003_S38	SUPER__22	1	17753772	2254076	17500173	98.5716	18.0642	36.6	54.2
PAGC60003_S38	SUPER__23	1	2327365	297306	2301071	98.8702	18.282	36.5	55.1
PAGC60009_S37	SUPER__1	1	244374582	30506839	239635577	98.0608	17.9742	36.4	52.2
PAGC60009_S37	SUPER__2	1	212563729	27689242	210453961	99.0075	18.7017	36.4	54.8
PAGC60009_S37	SUPER__3	1	211792393	27611252	209500903	98.918	18.7261	36.4	54.2
PAGC60009_S37	SUPER__4	1	121730464	8672057	119412520	98.0958	10.0823	36.4	49.3
PAGC60009_S37	SUPER__5	1	113776203	14248083	110592549	97.2018	18.0115	36.4	53.9
PAGC60009_S37	SUPER__6	1	111457381	14638173	110647910	99.2737	18.9344	36.5	55.8
PAGC60009_S37	SUPER__7	1	98951147	12763849	97196083	98.2263	18.5494	36.4	55.1
PAGC60009_S37	SUPER__8	1	93510542	12163512	92506672	98.9265	18.7913	36.5	55.3
PAGC60009_S37	SUPER__9	1	91912741	11952515	90987354	98.9932	18.7669	36.5	56.1
PAGC60009_S37	SUPER__10	1	84231690	10958151	82884698	98.4008	18.6943	36.5	54.2
PAGC60009_S37	SUPER__11	1	83622935	11008857	82563872	98.7335	18.8323	36.4	54
PAGC60009_S37	SUPER__12	1	81635540	10713983	80511200	98.6227	18.9379	36.5	53
PAGC60009_S37	SUPER__13	1	72972725	9373741	71602705	98.1226	18.5151	36.5	51.1
PAGC60009_S37	SUPER__14	1	61507012	8001776	59417171	96.6023	18.2365	36.3	50.2
PAGC60009_S37	SUPER__15	1	60856427	8033340	60177012	98.8836	18.9335	36.4	54.9
PAGC60009_S37	SUPER__16	1	55580494	7292413	55249371	99.4042	18.883	36.5	56.3
PAGC60009_S37	SUPER__17	1	54681234	6897790	53124105	97.1524	18.0772	36.4	54
PAGC60009_S37	SUPER__18	1	52719951	6813548	52070190	98.7675	18.6167	36.5	56.2
PAGC60009_S37	SUPER__19	1	43711415	5669075	43212439	98.8585	18.6799	36.4	56.2
PAGC60009_S37	SUPER__20	1	28462450	3701969	28084407	98.6718	18.6341	36.4	55.3
PAGC60009_S37	SUPER__21	1	25775296	2981872	23497774	91.1639	16.5015	36.4	34.4
PAGC60009_S37	SUPER__22	1	17753772	2285065	17531796	98.7497	18.2889	36.4	54.2
PAGC60009_S37	SUPER__23	1	2327365	303709	2297197	98.7038	18.6252	36.3	54.8
PAGC61030_S39	SUPER__1	1	244374582	28590171	239425030	97.9746	16.7853	36.5	52.6
PAGC61030_S39	SUPER__2	1	212563729	26142289	210192979	98.8847	17.6042	36.5	54.8
PAGC61030_S39	SUPER__3	1	211792393	26088142	209287534	98.8173	17.6356	36.5	54.2
PAGC61030_S39	SUPER__4	1	121730464	8117038	119134816	97.8677	9.40166	36.4	49.3
PAGC61030_S39	SUPER__5	1	113776203	13351503	110300550	96.9452	16.8206	36.5	54.2
PAGC61030_S39	SUPER__6	1	111457381	13811152	110601863	99.2324	17.8074	36.5	55.8
PAGC61030_S39	SUPER__7	1	98951147	12092293	97275435	98.3065	17.5189	36.5	55.1
PAGC61030_S39	SUPER__8	1	93510542	11475897	92489935	98.9086	17.6639	36.5	55.3
PAGC61030_S39	SUPER__9	1	91912741	11282516	90987583	98.9934	17.6531	36.5	56
PAGC61030_S39	SUPER__10	1	84231690	10338327	82859489	98.3709	17.5822	36.5	54.1
PAGC61030_S39	SUPER__11	1	83622935	10417571	82446288	98.5929	17.7711	36.4	54
PAGC61030_S39	SUPER__12	1	81635540	10008888	80416803	98.5071	17.6264	36.5	53.6
PAGC61030_S39	SUPER__13	1	72972725	8803000	71515911	98.0036	17.3283	36.5	51.3
PAGC61030_S39	SUPER__14	1	61507012	7507019	59334297	96.4675	17.0639	36.3	50.2
PAGC61030_S39	SUPER__15	1	60856427	7569412	60109987	98.7734	17.7788	36.5	55
PAGC61030_S39	SUPER__16	1	55580494	6893494	55186585	99.2913	17.7853	36.5	56.2
PAGC61030_S39	SUPER__17	1	54681234	6545458	53103966	97.1155	17.0985	36.4	54
PAGC61030_S39	SUPER__18	1	52719951	6426737	52106862	98.8371	17.4975	36.5	56.2
PAGC61030_S39	SUPER__19	1	43711415	5344022	43192554	98.813	17.5456	36.5	56.1
PAGC61030_S39	SUPER__20	1	28462450	3491951	28072124	98.6286	17.5207	36.4	55.2
PAGC61030_S39	SUPER__21	1	25775296	2583249	23061528	89.4714	14.2152	36.4	36.7
PAGC61030_S39	SUPER__22	1	17753772	2159228	17511105	98.6332	17.2295	36.4	54.5
PAGC61030_S39	SUPER__23	1	2327365	289102	2300771	98.8573	17.6813	36.3	55
PAGC61033_S40	SUPER__1	1	244374582	26974061	238874859	97.7495	15.8437	36.3	52.8
PAGC61033_S40	SUPER__2	1	212563729	24882919	210357158	98.9619	16.7608	36.3	54.7
PAGC61033_S40	SUPER__3	1	211792393	24767976	209383129	98.8624	16.7535	36.3	54.2
PAGC61033_S40	SUPER__4	1	121730464	7753315	119175875	97.9014	8.97821	36.3	49.3
PAGC61033_S40	SUPER__5	1	113776203	12673055	110435713	97.064	15.9686	36.3	54.1
PAGC61033_S40	SUPER__6	1	111457381	13084408	110549380	99.1853	16.8816	36.3	55.7
PAGC61033_S40	SUPER__7	1	98951147	11509821	97289593	98.3208	16.6866	36.3	55
PAGC61033_S40	SUPER__8	1	93510542	10861418	92424179	98.8382	16.7298	36.3	55.4
PAGC61033_S40	SUPER__9	1	91912741	10659232	90904912	98.9035	16.6867	36.3	56.1
PAGC61033_S40	SUPER__10	1	84231690	9764178	82730653	98.218	16.5871	36.3	54.3
PAGC61033_S40	SUPER__11	1	83622935	9922660	82446608	98.5933	16.9402	36.3	53.9
PAGC61033_S40	SUPER__12	1	81635540	9642297	80434862	98.5292	16.9985	36.3	52.9
PAGC61033_S40	SUPER__13	1	72972725	8529995	71623887	98.1516	16.8111	36.3	50.3
PAGC61033_S40	SUPER__14	1	61507012	7079741	59428169	96.6202	16.0768	36.1	50.3
PAGC61033_S40	SUPER__15	1	60856427	7176752	60142665	98.8271	16.8504	36.3	54.8
PAGC61033_S40	SUPER__16	1	55580494	6516075	55221018	99.3532	16.8244	36.3	56.2
PAGC61033_S40	SUPER__17	1	54681234	6175289	53138314	97.1783	16.1415	36.3	54.2
PAGC61033_S40	SUPER__18	1	52719951	6089904	52126443	98.8742	16.595	36.3	56.2
PAGC61033_S40	SUPER__19	1	43711415	5070138	43173199	98.7687	16.6521	36.3	56.2
PAGC61033_S40	SUPER__20	1	28462450	3299600	28125918	98.8176	16.5568	36.3	55.4
PAGC61033_S40	SUPER__21	1	25775296	2293908	22952877	89.0499	12.5857	36.2	38.7
PAGC61033_S40	SUPER__22	1	17753772	2042525	17541207	98.8027	16.2948	36.3	54.5
PAGC61033_S40	SUPER__23	1	2327365	272617	2294595	98.592	16.6894	36.2	55.1
PAGC61034_S43	SUPER__1	1	244374582	40087082	240260468	98.3165	23.5437	35.9	52.9
PAGC61034_S43	SUPER__2	1	212563729	36823136	210667100	99.1077	24.8119	35.9	54.8
PAGC61034_S43	SUPER__3	1	211792393	36736068	209711659	99.0176	24.854	35.9	54.3
PAGC61034_S43	SUPER__4	1	121730464	11457368	119729396	98.3561	13.2629	35.9	49.2
PAGC61034_S43	SUPER__5	1	113776203	18796278	111117030	97.6628	23.6909	35.9	54
PAGC61034_S43	SUPER__6	1	111457381	19460779	110755771	99.3705	25.1117	35.9	55.8
PAGC61034_S43	SUPER__7	1	98951147	17069749	97416899	98.4495	24.756	35.9	55.1
PAGC61034_S43	SUPER__8	1	93510542	16150466	92679372	99.1111	24.8821	35.9	55.5
PAGC61034_S43	SUPER__9	1	91912741	15798650	91054723	99.0665	24.7353	35.9	56.1
PAGC61034_S43	SUPER__10	1	84231690	14439371	83047933	98.5946	24.5742	35.9	54.5
PAGC61034_S43	SUPER__11	1	83622935	14545888	82688812	98.8829	24.8391	35.9	54.1
PAGC61034_S43	SUPER__12	1	81635540	14165392	80679327	98.8287	24.9691	35.9	53.3
PAGC61034_S43	SUPER__13	1	72972725	12335122	71818569	98.4184	24.2923	35.9	51.4
PAGC61034_S43	SUPER__14	1	61507012	10342947	59736699	97.1218	23.6074	35.8	50.3
PAGC61034_S43	SUPER__15	1	60856427	10579204	60295084	99.0776	24.8838	35.9	55.1
PAGC61034_S43	SUPER__16	1	55580494	9679470	55290713	99.4786	24.9944	35.9	56.3
PAGC61034_S43	SUPER__17	1	54681234	9077193	53528718	97.8923	23.7378	35.9	54.1
PAGC61034_S43	SUPER__18	1	52719951	9071803	52233752	99.0778	24.72	35.9	56.2
PAGC61034_S43	SUPER__19	1	43711415	7503679	43261279	98.9702	24.6486	35.9	56.1
PAGC61034_S43	SUPER__20	1	28462450	4825358	28128061	98.8252	24.2149	35.9	55.5
PAGC61034_S43	SUPER__21	1	25775296	3508750	23718399	92.0199	19.2603	35.8	37.7
PAGC61034_S43	SUPER__22	1	17753772	3051421	17597237	99.1183	24.3692	35.9	54.2
PAGC61034_S43	SUPER__23	1	2327365	396390	2306063	99.0847	24.2442	35.8	55.2
PAGC61042_S41	SUPER__1	1	244374582	36094564	239991860	98.2066	21.2087	36.4	52.4
PAGC61042_S41	SUPER__2	1	212563729	32808473	210457035	99.0089	22.1076	36.3	54.8
PAGC61042_S41	SUPER__3	1	211792393	32693417	209548447	98.9405	22.1121	36.3	54.3
PAGC61042_S41	SUPER__4	1	121730464	10212034	119457556	98.1328	11.8236	36.3	49.4
PAGC61042_S41	SUPER__5	1	113776203	16789513	110840896	97.4201	21.1661	36.4	54
PAGC61042_S41	SUPER__6	1	111457381	17333266	110778735	99.3911	22.366	36.4	55.7
PAGC61042_S41	SUPER__7	1	98951147	15125696	97419279	98.4519	21.9275	36.4	55.2
PAGC61042_S41	SUPER__8	1	93510542	14370896	92568376	98.9924	22.142	36.4	55.4
PAGC61042_S41	SUPER__9	1	91912741	14135264	91041205	99.0518	22.1316	36.4	56.1
PAGC61042_S41	SUPER__10	1	84231690	12918983	82996691	98.5338	21.9889	36.4	54.3
PAGC61042_S41	SUPER__11	1	83622935	13064775	82621443	98.8024	22.3083	36.3	54.1
PAGC61042_S41	SUPER__12	1	81635540	12738500	80522116	98.6361	22.4563	36.4	52.9
PAGC61042_S41	SUPER__13	1	72972725	11060876	71699528	98.2552	21.7672	36.4	51.2
PAGC61042_S41	SUPER__14	1	61507012	9260386	59524723	96.7771	21.0957	36.2	50.7
PAGC61042_S41	SUPER__15	1	60856427	9517217	60261843	99.023	22.3807	36.3	54.9
PAGC61042_S41	SUPER__16	1	55580494	8649208	55264868	99.4321	22.3268	36.4	56.2
PAGC61042_S41	SUPER__17	1	54681234	8198997	53445291	97.7397	21.4426	36.3	54.1
PAGC61042_S41	SUPER__18	1	52719951	8061152	52226872	99.0647	21.9634	36.4	56.1
PAGC61042_S41	SUPER__19	1	43711415	6715491	43238746	98.9187	22.0619	36.4	56.1
PAGC61042_S41	SUPER__20	1	28462450	4411357	28190164	99.0434	22.1504	36.3	55
PAGC61042_S41	SUPER__21	1	25775296	3223579	23612975	91.6109	17.725	36.3	36.8
PAGC61042_S41	SUPER__22	1	17753772	2691664	17515274	98.6566	21.4748	36.3	54.1
PAGC61042_S41	SUPER__23	1	2327365	368005	2305032	99.0404	22.5269	36.2	54.5
PAGC61046_S42	SUPER__1	1	244374582	43603048	240392798	98.3706	25.5947	36.2	52.9
PAGC61046_S42	SUPER__2	1	212563729	39977333	210778226	99.16	26.9094	36.2	54.8
PAGC61046_S42	SUPER__3	1	211792393	39802937	209962828	99.1362	26.9079	36.2	54.3
PAGC61046_S42	SUPER__4	1	121730464	12469058	119776771	98.3951	14.4344	36.1	49.3
PAGC61046_S42	SUPER__5	1	113776203	20490037	111289336	97.8142	25.8054	36.2	54
PAGC61046_S42	SUPER__6	1	111457381	21083912	110798102	99.4085	27.1811	36.2	55.8
PAGC61046_S42	SUPER__7	1	98951147	18397355	97538425	98.5723	26.6565	36.2	55.2
PAGC61046_S42	SUPER__8	1	93510542	17514587	92758904	99.1962	26.961	36.2	55.3
PAGC61046_S42	SUPER__9	1	91912741	17157460	91118741	99.1361	26.8374	36.2	56.1
PAGC61046_S42	SUPER__10	1	84231690	15691648	83035520	98.5799	26.6765	36.2	54.3
PAGC61046_S42	SUPER__11	1	83622935	15961313	82736496	98.94	27.2219	36.1	54
PAGC61046_S42	SUPER__12	1	81635540	15384184	80750692	98.9161	27.0905	36.2	53.3
PAGC61046_S42	SUPER__13	1	72972725	13426559	71814529	98.4128	26.4145	36.2	51.4
PAGC61046_S42	SUPER__14	1	61507012	11398248	59455934	96.6653	25.8978	36	50.6
PAGC61046_S42	SUPER__15	1	60856427	11564598	60302558	99.0899	27.1614	36.2	55.1
PAGC61046_S42	SUPER__16	1	55580494	10512935	55289915	99.4772	27.1169	36.2	56.2
PAGC61046_S42	SUPER__17	1	54681234	10032615	53395020	97.6478	26.1996	36.1	54.2
PAGC61046_S42	SUPER__18	1	52719951	9802408	52277159	99.1601	26.6881	36.2	56.1
PAGC61046_S42	SUPER__19	1	43711415	8264874	43295878	99.0494	27.1237	36.2	56.1
PAGC61046_S42	SUPER__20	1	28462450	5451417	28172702	98.982	27.3385	36.1	54.8
PAGC61046_S42	SUPER__21	1	25775296	3791225	23587958	91.5138	20.7908	36.1	37.9
PAGC61046_S42	SUPER__22	1	17753772	3350072	17582166	99.0334	26.7035	36.1	54.2
PAGC61046_S42	SUPER__23	1	2327365	448858	2311050	99.299	27.4749	36	55
W17_S30	SUPER__1	1	244374582	30612916	239711530	98.0918	18.0671	36	52.3
W17_S30	SUPER__2	1	212563729	27968332	210497033	99.0277	18.9241	36	54.6
W17_S30	SUPER__3	1	211792393	27871724	209541785	98.9374	18.9355	36	54
W17_S30	SUPER__4	1	121730464	8834462	119548182	98.2073	10.263	35.9	48.8
W17_S30	SUPER__5	1	113776203	14358676	111692757	98.1688	18.1843	36	53.8
W17_S30	SUPER__6	1	111457381	14732090	110689121	99.3107	19.0998	36	55.7
W17_S30	SUPER__7	1	98951147	12919240	97461380	98.4944	18.8234	36	54.9
W17_S30	SUPER__8	1	93510542	12242910	92569495	98.9936	18.9549	36	55.1
W17_S30	SUPER__9	1	91912741	12020995	90995792	99.0024	18.9137	36	56
W17_S30	SUPER__10	1	84231690	11320591	82930234	98.4549	19.2605	36	53.7
W17_S30	SUPER__11	1	83622935	11126615	82567793	98.7382	19.0801	36	53.9
W17_S30	SUPER__12	1	81635540	10799579	80612603	98.7469	19.1243	36	53.1
W17_S30	SUPER__13	1	72972725	9281410	71471734	97.9431	18.3651	36	51.7
W17_S30	SUPER__14	1	61507012	8049379	59501059	96.7387	18.4068	35.8	50.3
W17_S30	SUPER__15	1	60856427	8081341	60268668	99.0342	19.0839	36	54.9
W17_S30	SUPER__16	1	55580494	7356268	55243289	99.3933	19.0836	36	56.1
W17_S30	SUPER__17	1	54681234	7024351	53314135	97.4999	18.4484	36	54
W17_S30	SUPER__18	1	52719951	6848407	52123160	98.868	18.7513	36	56.1
W17_S30	SUPER__19	1	43711415	5722589	43219136	98.8738	18.8859	36	56.1
W17_S30	SUPER__20	1	28462450	3762458	28093571	98.704	18.9659	36	55.2
W17_S30	SUPER__21	1	25775296	2529848	23332082	90.5211	13.9174	35.9	39
W17_S30	SUPER__22	1	17753772	2309935	17531019	98.7453	18.5147	36	54.4
W17_S30	SUPER__23	1	2327365	307927	2299928	98.8211	18.8973	35.9	55.2
W90_S29	SUPER__1	1	244374582	33485166	240601498	98.456	19.805	35.9	52.2
W90_S29	SUPER__2	1	212563729	30325617	210542095	99.0489	20.5622	35.9	54.9
W90_S29	SUPER__3	1	211792393	30148899	209652702	98.9897	20.5319	35.9	54.4
W90_S29	SUPER__4	1	121730464	9477407	119663213	98.3018	11.0552	35.9	49.5
W90_S29	SUPER__5	1	113776203	15510310	110908423	97.4795	19.6768	35.9	54.1
W90_S29	SUPER__6	1	111457381	16017299	110727206	99.3449	20.8027	36	55.8
W90_S29	SUPER__7	1	98951147	13963193	97357334	98.3893	20.3891	36	55.2
W90_S29	SUPER__8	1	93510542	13247092	92499667	98.919	20.5439	36	55.5
W90_S29	SUPER__9	1	91912741	13046482	91043393	99.0542	20.5607	36	56.1
W90_S29	SUPER__10	1	84231690	11958061	83021552	98.5633	20.4851	36	54.3
W90_S29	SUPER__11	1	83622935	11986975	82605522	98.7833	20.5927	35.9	54.3
W90_S29	SUPER__12	1	81635540	11587377	80585998	98.7144	20.5548	36	53.5
W90_S29	SUPER__13	1	72972725	10203480	71725747	98.2912	20.2301	36	51.3
W90_S29	SUPER__14	1	61507012	8580263	59652964	96.9856	19.655	35.8	50.6
W90_S29	SUPER__15	1	60856427	8783873	60312882	99.1068	20.7745	35.9	54.9
W90_S29	SUPER__16	1	55580494	7966181	55255796	99.4158	20.7053	36	56.3
W90_S29	SUPER__17	1	54681234	7587354	53342627	97.552	19.9529	35.9	53.9
W90_S29	SUPER__18	1	52719951	7452937	52169483	98.9559	20.4357	36	56.2
W90_S29	SUPER__19	1	43711415	6195277	43267080	98.9835	20.4795	35.9	56.2
W90_S29	SUPER__20	1	28462450	4050657	28118502	98.7916	20.4472	35.9	55.2
W90_S29	SUPER__21	1	25775296	2723206	22876386	88.7531	14.9956	35.9	39.8
W90_S29	SUPER__22	1	17753772	2488014	17521820	98.6935	19.9681	35.9	54.5
W90_S29	SUPER__23	1	2327365	334750	2305250	99.0498	20.586	35.8	54.3
W95_S31	SUPER__1	1	244374582	30789513	239620745	98.0547	18.1739	36	52.9
W95_S31	SUPER__2	1	212563729	28293358	210531669	99.044	19.1537	36	54.9
W95_S31	SUPER__3	1	211792393	28096881	209364596	98.8537	19.1009	36	54.5
W95_S31	SUPER__4	1	121730464	8828169	119414232	98.0972	10.28	35.9	49.5
W95_S31	SUPER__5	1	113776203	14413474	110800207	97.3843	18.2588	36	54.1
W95_S31	SUPER__6	1	111457381	14899365	110675060	99.2981	19.3209	36	55.9
W95_S31	SUPER__7	1	98951147	13040351	97319616	98.3512	19.0078	36	55.2
W95_S31	SUPER__8	1	93510542	12420932	92566871	98.9908	19.2286	36	55.4
W95_S31	SUPER__9	1	91912741	12134988	90974576	98.9793	19.0939	36	56.2
W95_S31	SUPER__10	1	84231690	11117928	82960120	98.4904	19.0201	36	54.5
W95_S31	SUPER__11	1	83622935	11216728	82485221	98.6395	19.2439	35.9	54.1
W95_S31	SUPER__12	1	81635540	10882483	80566636	98.6906	19.2756	36	53.3
W95_S31	SUPER__13	1	72972725	9508928	71731530	98.2991	18.8243	36	51.3
W95_S31	SUPER__14	1	61507012	8103243	59401016	96.576	18.5562	35.8	50.5
W95_S31	SUPER__15	1	60856427	8137518	60206595	98.9322	19.2239	36	55.2
W95_S31	SUPER__16	1	55580494	7420854	55258438	99.4206	19.2615	36	56.4
W95_S31	SUPER__17	1	54681234	7007011	53310271	97.4928	18.4075	35.9	54.1
W95_S31	SUPER__18	1	52719951	6932690	52191363	98.9974	18.98	36	56.3
W95_S31	SUPER__19	1	43711415	5763368	43213707	98.8614	19.0207	36	56.2
W95_S31	SUPER__20	1	28462450	3762679	28098911	98.7227	18.9691	35.9	55.2
W95_S31	SUPER__21	1	25775296	2768016	23534843	91.3078	15.2831	35.9	37.3
W95_S31	SUPER__22	1	17753772	2325380	17510478	98.6296	18.6348	35.9	54.5
W95_S31	SUPER__23	1	2327365	305065	2306182	99.0898	18.735	35.8	55.2
